/*
 Navicat Premium Data Transfer

 Source Server         : localhost_3306
 Source Server Type    : MySQL
 Source Server Version : 100410
 Source Host           : localhost:3306
 Source Schema         : bakrie

 Target Server Type    : MySQL
 Target Server Version : 100410
 File Encoding         : 65001

 Date: 27/03/2023 09:24:28
*/

SET NAMES utf8mb4;
SET FOREIGN_KEY_CHECKS = 0;

-- ----------------------------
-- Table structure for m_city
-- ----------------------------
DROP TABLE IF EXISTS `m_city`;
CREATE TABLE `m_city`  (
  `id` int(11) NOT NULL,
  `province_id` char(3) CHARACTER SET utf8mb4 COLLATE utf8mb4_unicode_ci NOT NULL,
  `code` varchar(255) CHARACTER SET utf8mb4 COLLATE utf8mb4_unicode_ci NULL DEFAULT NULL,
  `name` varchar(255) CHARACTER SET utf8mb4 COLLATE utf8mb4_unicode_ci NOT NULL,
  `deleted_at` timestamp(0) NULL DEFAULT NULL,
  PRIMARY KEY (`id`) USING BTREE,
  UNIQUE INDEX `name`(`name`) USING BTREE,
  UNIQUE INDEX `id`(`id`) USING BTREE,
  INDEX `cities_province_id_foreign`(`province_id`) USING BTREE,
  INDEX `id_2`(`id`, `code`, `name`) USING BTREE
) ENGINE = InnoDB CHARACTER SET = utf8mb4 COLLATE = utf8mb4_unicode_ci ROW_FORMAT = Dynamic;

-- ----------------------------
-- Records of m_city
-- ----------------------------
INSERT INTO `m_city` VALUES (1101, '11', NULL, 'KABUPATEN SIMEULUE', NULL);
INSERT INTO `m_city` VALUES (1102, '11', NULL, 'KABUPATEN ACEH SINGKIL', NULL);
INSERT INTO `m_city` VALUES (1103, '11', NULL, 'KABUPATEN ACEH SELATAN', NULL);
INSERT INTO `m_city` VALUES (1104, '11', NULL, 'KABUPATEN ACEH TENGGARA', NULL);
INSERT INTO `m_city` VALUES (1105, '11', NULL, 'KABUPATEN ACEH TIMUR', NULL);
INSERT INTO `m_city` VALUES (1106, '11', NULL, 'KABUPATEN ACEH TENGAH', NULL);
INSERT INTO `m_city` VALUES (1107, '11', NULL, 'KABUPATEN ACEH BARAT', NULL);
INSERT INTO `m_city` VALUES (1108, '11', NULL, 'KABUPATEN ACEH BESAR', NULL);
INSERT INTO `m_city` VALUES (1109, '11', NULL, 'KABUPATEN PIDIE', NULL);
INSERT INTO `m_city` VALUES (1110, '11', NULL, 'KABUPATEN BIREUEN', NULL);
INSERT INTO `m_city` VALUES (1111, '11', NULL, 'KABUPATEN ACEH UTARA', NULL);
INSERT INTO `m_city` VALUES (1112, '11', NULL, 'KABUPATEN ACEH BARAT DAYA', NULL);
INSERT INTO `m_city` VALUES (1113, '11', NULL, 'KABUPATEN GAYO LUES', NULL);
INSERT INTO `m_city` VALUES (1114, '11', NULL, 'KABUPATEN ACEH TAMIANG', NULL);
INSERT INTO `m_city` VALUES (1115, '11', NULL, 'KABUPATEN NAGAN RAYA', NULL);
INSERT INTO `m_city` VALUES (1116, '11', NULL, 'KABUPATEN ACEH JAYA', NULL);
INSERT INTO `m_city` VALUES (1117, '11', NULL, 'KABUPATEN BENER MERIAH', NULL);
INSERT INTO `m_city` VALUES (1118, '11', NULL, 'KABUPATEN PIDIE JAYA', NULL);
INSERT INTO `m_city` VALUES (1171, '11', NULL, 'KOTA BANDA ACEH', NULL);
INSERT INTO `m_city` VALUES (1172, '11', NULL, 'KOTA SABANG', NULL);
INSERT INTO `m_city` VALUES (1173, '11', NULL, 'KOTA LANGSA', NULL);
INSERT INTO `m_city` VALUES (1174, '11', NULL, 'KOTA LHOKSEUMAWE', NULL);
INSERT INTO `m_city` VALUES (1175, '11', NULL, 'KOTA SUBULUSSALAM', NULL);
INSERT INTO `m_city` VALUES (1201, '12', NULL, 'KABUPATEN NIAS', NULL);
INSERT INTO `m_city` VALUES (1202, '12', NULL, 'KABUPATEN MANDAILING NATAL', NULL);
INSERT INTO `m_city` VALUES (1203, '12', NULL, 'KABUPATEN TAPANULI SELATAN', NULL);
INSERT INTO `m_city` VALUES (1204, '12', NULL, 'KABUPATEN TAPANULI TENGAH', NULL);
INSERT INTO `m_city` VALUES (1205, '12', NULL, 'KABUPATEN TAPANULI UTARA', NULL);
INSERT INTO `m_city` VALUES (1206, '12', NULL, 'KABUPATEN TOBA SAMOSIR', NULL);
INSERT INTO `m_city` VALUES (1207, '12', NULL, 'KABUPATEN LABUHAN BATU', NULL);
INSERT INTO `m_city` VALUES (1208, '12', NULL, 'KABUPATEN ASAHAN', NULL);
INSERT INTO `m_city` VALUES (1209, '12', NULL, 'KABUPATEN SIMALUNGUN', NULL);
INSERT INTO `m_city` VALUES (1210, '12', NULL, 'KABUPATEN DAIRI', NULL);
INSERT INTO `m_city` VALUES (1211, '12', NULL, 'KABUPATEN KARO', NULL);
INSERT INTO `m_city` VALUES (1212, '12', NULL, 'KABUPATEN DELI SERDANG', NULL);
INSERT INTO `m_city` VALUES (1213, '12', NULL, 'KABUPATEN LANGKAT', NULL);
INSERT INTO `m_city` VALUES (1214, '12', NULL, 'KABUPATEN NIAS SELATAN', NULL);
INSERT INTO `m_city` VALUES (1215, '12', NULL, 'KABUPATEN HUMBANG HASUNDUTAN', NULL);
INSERT INTO `m_city` VALUES (1216, '12', NULL, 'KABUPATEN PAKPAK BHARAT', NULL);
INSERT INTO `m_city` VALUES (1217, '12', NULL, 'KABUPATEN SAMOSIR', NULL);
INSERT INTO `m_city` VALUES (1218, '12', NULL, 'KABUPATEN SERDANG BEDAGAI', NULL);
INSERT INTO `m_city` VALUES (1219, '12', NULL, 'KABUPATEN BATU BARA', NULL);
INSERT INTO `m_city` VALUES (1220, '12', NULL, 'KABUPATEN PADANG LAWAS UTARA', NULL);
INSERT INTO `m_city` VALUES (1221, '12', NULL, 'KABUPATEN PADANG LAWAS', NULL);
INSERT INTO `m_city` VALUES (1222, '12', NULL, 'KABUPATEN LABUHAN BATU SELATAN', NULL);
INSERT INTO `m_city` VALUES (1223, '12', NULL, 'KABUPATEN LABUHAN BATU UTARA', NULL);
INSERT INTO `m_city` VALUES (1224, '12', NULL, 'KABUPATEN NIAS UTARA', NULL);
INSERT INTO `m_city` VALUES (1225, '12', NULL, 'KABUPATEN NIAS BARAT', NULL);
INSERT INTO `m_city` VALUES (1271, '12', NULL, 'KOTA SIBOLGA', NULL);
INSERT INTO `m_city` VALUES (1272, '12', NULL, 'KOTA TANJUNG BALAI', NULL);
INSERT INTO `m_city` VALUES (1273, '12', NULL, 'KOTA PEMATANG SIANTAR', NULL);
INSERT INTO `m_city` VALUES (1274, '12', NULL, 'KOTA TEBING TINGGI', NULL);
INSERT INTO `m_city` VALUES (1275, '12', NULL, 'KOTA MEDAN', NULL);
INSERT INTO `m_city` VALUES (1276, '12', NULL, 'KOTA BINJAI', NULL);
INSERT INTO `m_city` VALUES (1277, '12', NULL, 'KOTA PADANGSIDIMPUAN', NULL);
INSERT INTO `m_city` VALUES (1278, '12', NULL, 'KOTA GUNUNGSITOLI', NULL);
INSERT INTO `m_city` VALUES (1301, '13', NULL, 'KABUPATEN KEPULAUAN MENTAWAI', NULL);
INSERT INTO `m_city` VALUES (1302, '13', NULL, 'KABUPATEN PESISIR SELATAN', NULL);
INSERT INTO `m_city` VALUES (1303, '13', NULL, 'KABUPATEN SOLOK', NULL);
INSERT INTO `m_city` VALUES (1304, '13', NULL, 'KABUPATEN SIJUNJUNG', NULL);
INSERT INTO `m_city` VALUES (1305, '13', NULL, 'KABUPATEN TANAH DATAR', NULL);
INSERT INTO `m_city` VALUES (1306, '13', NULL, 'KABUPATEN PADANG PARIAMAN', NULL);
INSERT INTO `m_city` VALUES (1307, '13', NULL, 'KABUPATEN AGAM', NULL);
INSERT INTO `m_city` VALUES (1308, '13', NULL, 'KABUPATEN LIMA PULUH KOTA', NULL);
INSERT INTO `m_city` VALUES (1309, '13', NULL, 'KABUPATEN PASAMAN', NULL);
INSERT INTO `m_city` VALUES (1310, '13', NULL, 'KABUPATEN SOLOK SELATAN', NULL);
INSERT INTO `m_city` VALUES (1311, '13', NULL, 'KABUPATEN DHARMASRAYA', NULL);
INSERT INTO `m_city` VALUES (1312, '13', NULL, 'KABUPATEN PASAMAN BARAT', NULL);
INSERT INTO `m_city` VALUES (1371, '13', NULL, 'KOTA PADANG', NULL);
INSERT INTO `m_city` VALUES (1372, '13', NULL, 'KOTA SOLOK', NULL);
INSERT INTO `m_city` VALUES (1373, '13', NULL, 'KOTA SAWAH LUNTO', NULL);
INSERT INTO `m_city` VALUES (1374, '13', NULL, 'KOTA PADANG PANJANG', NULL);
INSERT INTO `m_city` VALUES (1375, '13', NULL, 'KOTA BUKITTINGGI', NULL);
INSERT INTO `m_city` VALUES (1376, '13', NULL, 'KOTA PAYAKUMBUH', NULL);
INSERT INTO `m_city` VALUES (1377, '13', NULL, 'KOTA PARIAMAN', NULL);
INSERT INTO `m_city` VALUES (1401, '14', NULL, 'KABUPATEN KUANTAN SINGINGI', NULL);
INSERT INTO `m_city` VALUES (1402, '14', NULL, 'KABUPATEN INDRAGIRI HULU', NULL);
INSERT INTO `m_city` VALUES (1403, '14', NULL, 'KABUPATEN INDRAGIRI HILIR', NULL);
INSERT INTO `m_city` VALUES (1404, '14', NULL, 'KABUPATEN PELALAWAN', NULL);
INSERT INTO `m_city` VALUES (1405, '14', NULL, 'KABUPATEN S I A K', NULL);
INSERT INTO `m_city` VALUES (1406, '14', NULL, 'KABUPATEN KAMPAR', NULL);
INSERT INTO `m_city` VALUES (1407, '14', NULL, 'KABUPATEN ROKAN HULU', NULL);
INSERT INTO `m_city` VALUES (1408, '14', NULL, 'KABUPATEN BENGKALIS', NULL);
INSERT INTO `m_city` VALUES (1409, '14', NULL, 'KABUPATEN ROKAN HILIR', NULL);
INSERT INTO `m_city` VALUES (1410, '14', NULL, 'KABUPATEN KEPULAUAN MERANTI', NULL);
INSERT INTO `m_city` VALUES (1471, '14', NULL, 'KOTA PEKANBARU', NULL);
INSERT INTO `m_city` VALUES (1473, '14', NULL, 'KOTA DUMAI', NULL);
INSERT INTO `m_city` VALUES (1501, '15', NULL, 'KABUPATEN KERINCI', NULL);
INSERT INTO `m_city` VALUES (1502, '15', NULL, 'KABUPATEN MERANGIN', NULL);
INSERT INTO `m_city` VALUES (1503, '15', NULL, 'KABUPATEN SAROLANGUN', NULL);
INSERT INTO `m_city` VALUES (1504, '15', NULL, 'KABUPATEN BATANG HARI', NULL);
INSERT INTO `m_city` VALUES (1505, '15', NULL, 'KABUPATEN MUARO JAMBI', NULL);
INSERT INTO `m_city` VALUES (1506, '15', NULL, 'KABUPATEN TANJUNG JABUNG TIMUR', NULL);
INSERT INTO `m_city` VALUES (1507, '15', NULL, 'KABUPATEN TANJUNG JABUNG BARAT', NULL);
INSERT INTO `m_city` VALUES (1508, '15', NULL, 'KABUPATEN TEBO', NULL);
INSERT INTO `m_city` VALUES (1509, '15', NULL, 'KABUPATEN BUNGO', NULL);
INSERT INTO `m_city` VALUES (1571, '15', NULL, 'KOTA JAMBI', NULL);
INSERT INTO `m_city` VALUES (1572, '15', NULL, 'KOTA SUNGAI PENUH', NULL);
INSERT INTO `m_city` VALUES (1601, '16', NULL, 'KABUPATEN OGAN KOMERING ULU', NULL);
INSERT INTO `m_city` VALUES (1602, '16', NULL, 'KABUPATEN OGAN KOMERING ILIR', NULL);
INSERT INTO `m_city` VALUES (1603, '16', NULL, 'KABUPATEN MUARA ENIM', NULL);
INSERT INTO `m_city` VALUES (1604, '16', NULL, 'KABUPATEN LAHAT', NULL);
INSERT INTO `m_city` VALUES (1605, '16', NULL, 'KABUPATEN MUSI RAWAS', NULL);
INSERT INTO `m_city` VALUES (1606, '16', NULL, 'KABUPATEN MUSI BANYUASIN', NULL);
INSERT INTO `m_city` VALUES (1607, '16', NULL, 'KABUPATEN BANYU ASIN', NULL);
INSERT INTO `m_city` VALUES (1608, '16', NULL, 'KABUPATEN OGAN KOMERING ULU SELATAN', NULL);
INSERT INTO `m_city` VALUES (1609, '16', NULL, 'KABUPATEN OGAN KOMERING ULU TIMUR', NULL);
INSERT INTO `m_city` VALUES (1610, '16', NULL, 'KABUPATEN OGAN ILIR', NULL);
INSERT INTO `m_city` VALUES (1611, '16', NULL, 'KABUPATEN EMPAT LAWANG', NULL);
INSERT INTO `m_city` VALUES (1612, '16', NULL, 'KABUPATEN PENUKAL ABAB LEMATANG ILIR', NULL);
INSERT INTO `m_city` VALUES (1613, '16', NULL, 'KABUPATEN MUSI RAWAS UTARA', NULL);
INSERT INTO `m_city` VALUES (1671, '16', NULL, 'KOTA PALEMBANG', NULL);
INSERT INTO `m_city` VALUES (1672, '16', NULL, 'KOTA PRABUMULIH', NULL);
INSERT INTO `m_city` VALUES (1673, '16', NULL, 'KOTA PAGAR ALAM', NULL);
INSERT INTO `m_city` VALUES (1674, '16', NULL, 'KOTA LUBUKLINGGAU', NULL);
INSERT INTO `m_city` VALUES (1701, '17', NULL, 'KABUPATEN BENGKULU SELATAN', NULL);
INSERT INTO `m_city` VALUES (1702, '17', NULL, 'KABUPATEN REJANG LEBONG', NULL);
INSERT INTO `m_city` VALUES (1703, '17', NULL, 'KABUPATEN BENGKULU UTARA', NULL);
INSERT INTO `m_city` VALUES (1704, '17', NULL, 'KABUPATEN KAUR', NULL);
INSERT INTO `m_city` VALUES (1705, '17', NULL, 'KABUPATEN SELUMA', NULL);
INSERT INTO `m_city` VALUES (1706, '17', NULL, 'KABUPATEN MUKOMUKO', NULL);
INSERT INTO `m_city` VALUES (1707, '17', NULL, 'KABUPATEN LEBONG', NULL);
INSERT INTO `m_city` VALUES (1708, '17', NULL, 'KABUPATEN KEPAHIANG', NULL);
INSERT INTO `m_city` VALUES (1709, '17', NULL, 'KABUPATEN BENGKULU TENGAH', NULL);
INSERT INTO `m_city` VALUES (1771, '17', NULL, 'KOTA BENGKULU', NULL);
INSERT INTO `m_city` VALUES (1801, '18', NULL, 'KABUPATEN LAMPUNG BARAT', NULL);
INSERT INTO `m_city` VALUES (1802, '18', NULL, 'KABUPATEN TANGGAMUS', NULL);
INSERT INTO `m_city` VALUES (1803, '18', NULL, 'KABUPATEN LAMPUNG SELATAN', NULL);
INSERT INTO `m_city` VALUES (1804, '18', NULL, 'KABUPATEN LAMPUNG TIMUR', NULL);
INSERT INTO `m_city` VALUES (1805, '18', NULL, 'KABUPATEN LAMPUNG TENGAH', NULL);
INSERT INTO `m_city` VALUES (1806, '18', NULL, 'KABUPATEN LAMPUNG UTARA', NULL);
INSERT INTO `m_city` VALUES (1807, '18', NULL, 'KABUPATEN WAY KANAN', NULL);
INSERT INTO `m_city` VALUES (1808, '18', NULL, 'KABUPATEN TULANGBAWANG', NULL);
INSERT INTO `m_city` VALUES (1809, '18', NULL, 'KABUPATEN PESAWARAN', NULL);
INSERT INTO `m_city` VALUES (1810, '18', NULL, 'KABUPATEN PRINGSEWU', NULL);
INSERT INTO `m_city` VALUES (1811, '18', NULL, 'KABUPATEN MESUJI', NULL);
INSERT INTO `m_city` VALUES (1812, '18', NULL, 'KABUPATEN TULANG BAWANG BARAT', NULL);
INSERT INTO `m_city` VALUES (1813, '18', NULL, 'KABUPATEN PESISIR BARAT', NULL);
INSERT INTO `m_city` VALUES (1871, '18', NULL, 'KOTA BANDAR LAMPUNG', NULL);
INSERT INTO `m_city` VALUES (1872, '18', NULL, 'KOTA METRO', NULL);
INSERT INTO `m_city` VALUES (1901, '19', NULL, 'KABUPATEN BANGKA', NULL);
INSERT INTO `m_city` VALUES (1902, '19', NULL, 'KABUPATEN BELITUNG', NULL);
INSERT INTO `m_city` VALUES (1903, '19', NULL, 'KABUPATEN BANGKA BARAT', NULL);
INSERT INTO `m_city` VALUES (1904, '19', NULL, 'KABUPATEN BANGKA TENGAH', NULL);
INSERT INTO `m_city` VALUES (1905, '19', NULL, 'KABUPATEN BANGKA SELATAN', NULL);
INSERT INTO `m_city` VALUES (1906, '19', NULL, 'KABUPATEN BELITUNG TIMUR', NULL);
INSERT INTO `m_city` VALUES (1971, '19', NULL, 'KOTA PANGKAL PINANG', NULL);
INSERT INTO `m_city` VALUES (2071, '21', '71', 'KOTA BATAM', NULL);
INSERT INTO `m_city` VALUES (2101, '21', NULL, 'KABUPATEN KARIMUN', NULL);
INSERT INTO `m_city` VALUES (2102, '21', NULL, 'KABUPATEN BINTAN', NULL);
INSERT INTO `m_city` VALUES (2103, '21', NULL, 'KABUPATEN NATUNA', NULL);
INSERT INTO `m_city` VALUES (2104, '21', NULL, 'KABUPATEN LINGGA', NULL);
INSERT INTO `m_city` VALUES (2105, '21', NULL, 'KABUPATEN KEPULAUAN ANAMBAS', NULL);
INSERT INTO `m_city` VALUES (2171, '21', NULL, 'KOTA B A T A M', NULL);
INSERT INTO `m_city` VALUES (2172, '21', NULL, 'KOTA TANJUNG PINANG', NULL);
INSERT INTO `m_city` VALUES (3101, '31', NULL, 'KABUPATEN KEPULAUAN SERIBU', NULL);
INSERT INTO `m_city` VALUES (3171, '31', NULL, 'KOTA JAKARTA SELATAN', NULL);
INSERT INTO `m_city` VALUES (3172, '31', NULL, 'KOTA JAKARTA TIMUR', NULL);
INSERT INTO `m_city` VALUES (3173, '31', NULL, 'KOTA JAKARTA PUSAT', NULL);
INSERT INTO `m_city` VALUES (3174, '31', NULL, 'KOTA JAKARTA BARAT', NULL);
INSERT INTO `m_city` VALUES (3175, '31', NULL, 'KOTA JAKARTA UTARA', NULL);
INSERT INTO `m_city` VALUES (3201, '32', NULL, 'KABUPATEN BOGOR', NULL);
INSERT INTO `m_city` VALUES (3202, '32', NULL, 'KABUPATEN SUKABUMI', NULL);
INSERT INTO `m_city` VALUES (3203, '32', NULL, 'KABUPATEN CIANJUR', NULL);
INSERT INTO `m_city` VALUES (3204, '32', NULL, 'KABUPATEN BANDUNG', NULL);
INSERT INTO `m_city` VALUES (3205, '32', NULL, 'KABUPATEN GARUT', NULL);
INSERT INTO `m_city` VALUES (3206, '32', NULL, 'KABUPATEN TASIKMALAYA', NULL);
INSERT INTO `m_city` VALUES (3207, '32', NULL, 'KABUPATEN CIAMIS', NULL);
INSERT INTO `m_city` VALUES (3208, '32', NULL, 'KABUPATEN KUNINGAN', NULL);
INSERT INTO `m_city` VALUES (3209, '32', NULL, 'KABUPATEN CIREBON', NULL);
INSERT INTO `m_city` VALUES (3210, '32', NULL, 'KABUPATEN MAJALENGKA', NULL);
INSERT INTO `m_city` VALUES (3211, '32', NULL, 'KABUPATEN SUMEDANG', NULL);
INSERT INTO `m_city` VALUES (3212, '32', NULL, 'KABUPATEN INDRAMAYU', NULL);
INSERT INTO `m_city` VALUES (3213, '32', NULL, 'KABUPATEN SUBANG', NULL);
INSERT INTO `m_city` VALUES (3214, '32', NULL, 'KABUPATEN PURWAKARTA', NULL);
INSERT INTO `m_city` VALUES (3215, '32', NULL, 'KABUPATEN KARAWANG', NULL);
INSERT INTO `m_city` VALUES (3216, '32', NULL, 'KABUPATEN BEKASI', NULL);
INSERT INTO `m_city` VALUES (3217, '32', NULL, 'KABUPATEN BANDUNG BARAT', NULL);
INSERT INTO `m_city` VALUES (3218, '32', NULL, 'KABUPATEN PANGANDARAN', NULL);
INSERT INTO `m_city` VALUES (3271, '32', NULL, 'KOTA BOGOR', NULL);
INSERT INTO `m_city` VALUES (3272, '32', NULL, 'KOTA SUKABUMI', NULL);
INSERT INTO `m_city` VALUES (3273, '32', NULL, 'KOTA BANDUNG', NULL);
INSERT INTO `m_city` VALUES (3274, '32', NULL, 'KOTA CIREBON', NULL);
INSERT INTO `m_city` VALUES (3275, '32', NULL, 'KOTA BEKASI', NULL);
INSERT INTO `m_city` VALUES (3276, '32', NULL, 'KOTA DEPOK', NULL);
INSERT INTO `m_city` VALUES (3277, '32', NULL, 'KOTA CIMAHI', NULL);
INSERT INTO `m_city` VALUES (3278, '32', NULL, 'KOTA TASIKMALAYA', NULL);
INSERT INTO `m_city` VALUES (3279, '32', NULL, 'KOTA BANJAR', NULL);
INSERT INTO `m_city` VALUES (3301, '33', NULL, 'KABUPATEN CILACAP', NULL);
INSERT INTO `m_city` VALUES (3302, '33', NULL, 'KABUPATEN BANYUMAS', NULL);
INSERT INTO `m_city` VALUES (3303, '33', NULL, 'KABUPATEN PURBALINGGA', NULL);
INSERT INTO `m_city` VALUES (3304, '33', NULL, 'KABUPATEN BANJARNEGARA', NULL);
INSERT INTO `m_city` VALUES (3305, '33', NULL, 'KABUPATEN KEBUMEN', NULL);
INSERT INTO `m_city` VALUES (3306, '33', NULL, 'KABUPATEN PURWOREJO', NULL);
INSERT INTO `m_city` VALUES (3307, '33', NULL, 'KABUPATEN WONOSOBO', NULL);
INSERT INTO `m_city` VALUES (3308, '33', NULL, 'KABUPATEN MAGELANG', NULL);
INSERT INTO `m_city` VALUES (3309, '33', NULL, 'KABUPATEN BOYOLALI', NULL);
INSERT INTO `m_city` VALUES (3310, '33', NULL, 'KABUPATEN KLATEN', NULL);
INSERT INTO `m_city` VALUES (3311, '33', NULL, 'KABUPATEN SUKOHARJO', NULL);
INSERT INTO `m_city` VALUES (3312, '33', NULL, 'KABUPATEN WONOGIRI', NULL);
INSERT INTO `m_city` VALUES (3313, '33', NULL, 'KABUPATEN KARANGANYAR', NULL);
INSERT INTO `m_city` VALUES (3314, '33', NULL, 'KABUPATEN SRAGEN', NULL);
INSERT INTO `m_city` VALUES (3315, '33', NULL, 'KABUPATEN GROBOGAN', NULL);
INSERT INTO `m_city` VALUES (3316, '33', NULL, 'KABUPATEN BLORA', NULL);
INSERT INTO `m_city` VALUES (3317, '33', NULL, 'KABUPATEN REMBANG', NULL);
INSERT INTO `m_city` VALUES (3318, '33', NULL, 'KABUPATEN PATI', NULL);
INSERT INTO `m_city` VALUES (3319, '33', NULL, 'KABUPATEN KUDUS', NULL);
INSERT INTO `m_city` VALUES (3320, '33', NULL, 'KABUPATEN JEPARA', NULL);
INSERT INTO `m_city` VALUES (3321, '33', NULL, 'KABUPATEN DEMAK', NULL);
INSERT INTO `m_city` VALUES (3322, '33', NULL, 'KABUPATEN SEMARANG', NULL);
INSERT INTO `m_city` VALUES (3323, '33', NULL, 'KABUPATEN TEMANGGUNG', NULL);
INSERT INTO `m_city` VALUES (3324, '33', NULL, 'KABUPATEN KENDAL', NULL);
INSERT INTO `m_city` VALUES (3325, '33', NULL, 'KABUPATEN BATANG', NULL);
INSERT INTO `m_city` VALUES (3326, '33', NULL, 'KABUPATEN PEKALONGAN', NULL);
INSERT INTO `m_city` VALUES (3327, '33', NULL, 'KABUPATEN PEMALANG', NULL);
INSERT INTO `m_city` VALUES (3328, '33', NULL, 'KABUPATEN TEGAL', NULL);
INSERT INTO `m_city` VALUES (3329, '33', NULL, 'KABUPATEN BREBES', NULL);
INSERT INTO `m_city` VALUES (3371, '33', NULL, 'KOTA MAGELANG', NULL);
INSERT INTO `m_city` VALUES (3372, '33', NULL, 'KOTA SURAKARTA', NULL);
INSERT INTO `m_city` VALUES (3373, '33', NULL, 'KOTA SALATIGA', NULL);
INSERT INTO `m_city` VALUES (3374, '33', NULL, 'KOTA SEMARANG', NULL);
INSERT INTO `m_city` VALUES (3375, '33', NULL, 'KOTA PEKALONGAN', NULL);
INSERT INTO `m_city` VALUES (3376, '33', NULL, 'KOTA TEGAL', NULL);
INSERT INTO `m_city` VALUES (3377, '33', '3377', 'KOTA PURWOKERTO', NULL);
INSERT INTO `m_city` VALUES (3401, '34', NULL, 'KABUPATEN KULON PROGO', NULL);
INSERT INTO `m_city` VALUES (3402, '34', NULL, 'KABUPATEN BANTUL', NULL);
INSERT INTO `m_city` VALUES (3403, '34', NULL, 'KABUPATEN GUNUNG KIDUL', NULL);
INSERT INTO `m_city` VALUES (3404, '34', NULL, 'KABUPATEN SLEMAN', NULL);
INSERT INTO `m_city` VALUES (3471, '34', NULL, 'KOTA YOGYAKARTA', NULL);
INSERT INTO `m_city` VALUES (3501, '35', NULL, 'KABUPATEN PACITAN', NULL);
INSERT INTO `m_city` VALUES (3502, '35', NULL, 'KABUPATEN PONOROGO', NULL);
INSERT INTO `m_city` VALUES (3503, '35', NULL, 'KABUPATEN TRENGGALEK', NULL);
INSERT INTO `m_city` VALUES (3504, '35', NULL, 'KABUPATEN TULUNGAGUNG', NULL);
INSERT INTO `m_city` VALUES (3505, '35', NULL, 'KABUPATEN BLITAR', NULL);
INSERT INTO `m_city` VALUES (3506, '35', NULL, 'KABUPATEN KEDIRI', NULL);
INSERT INTO `m_city` VALUES (3507, '35', NULL, 'KABUPATEN MALANG', NULL);
INSERT INTO `m_city` VALUES (3508, '35', NULL, 'KABUPATEN LUMAJANG', NULL);
INSERT INTO `m_city` VALUES (3509, '35', NULL, 'KABUPATEN JEMBER', NULL);
INSERT INTO `m_city` VALUES (3510, '35', NULL, 'KABUPATEN BANYUWANGI', NULL);
INSERT INTO `m_city` VALUES (3511, '35', NULL, 'KABUPATEN BONDOWOSO', NULL);
INSERT INTO `m_city` VALUES (3512, '35', NULL, 'KABUPATEN SITUBONDO', NULL);
INSERT INTO `m_city` VALUES (3513, '35', NULL, 'KABUPATEN PROBOLINGGO', NULL);
INSERT INTO `m_city` VALUES (3514, '35', NULL, 'KABUPATEN PASURUAN', NULL);
INSERT INTO `m_city` VALUES (3515, '35', NULL, 'KABUPATEN SIDOARJO', NULL);
INSERT INTO `m_city` VALUES (3516, '35', NULL, 'KABUPATEN MOJOKERTO', NULL);
INSERT INTO `m_city` VALUES (3517, '35', NULL, 'KABUPATEN JOMBANG', NULL);
INSERT INTO `m_city` VALUES (3518, '35', NULL, 'KABUPATEN NGANJUK', NULL);
INSERT INTO `m_city` VALUES (3519, '35', NULL, 'KABUPATEN MADIUN', NULL);
INSERT INTO `m_city` VALUES (3520, '35', NULL, 'KABUPATEN MAGETAN', NULL);
INSERT INTO `m_city` VALUES (3521, '35', NULL, 'KABUPATEN NGAWI', NULL);
INSERT INTO `m_city` VALUES (3522, '35', NULL, 'KABUPATEN BOJONEGORO', NULL);
INSERT INTO `m_city` VALUES (3523, '35', NULL, 'KABUPATEN TUBAN', NULL);
INSERT INTO `m_city` VALUES (3524, '35', NULL, 'KABUPATEN LAMONGAN', NULL);
INSERT INTO `m_city` VALUES (3525, '35', NULL, 'KABUPATEN GRESIK', NULL);
INSERT INTO `m_city` VALUES (3526, '35', NULL, 'KABUPATEN BANGKALAN', NULL);
INSERT INTO `m_city` VALUES (3527, '35', NULL, 'KABUPATEN SAMPANG', NULL);
INSERT INTO `m_city` VALUES (3528, '35', NULL, 'KABUPATEN PAMEKASAN', NULL);
INSERT INTO `m_city` VALUES (3529, '35', NULL, 'KABUPATEN SUMENEP', NULL);
INSERT INTO `m_city` VALUES (3571, '35', NULL, 'KOTA KEDIRI', NULL);
INSERT INTO `m_city` VALUES (3572, '35', NULL, 'KOTA BLITAR', NULL);
INSERT INTO `m_city` VALUES (3573, '35', NULL, 'KOTA MALANG', NULL);
INSERT INTO `m_city` VALUES (3574, '35', NULL, 'KOTA PROBOLINGGO', NULL);
INSERT INTO `m_city` VALUES (3575, '35', NULL, 'KOTA PASURUAN', NULL);
INSERT INTO `m_city` VALUES (3576, '35', NULL, 'KOTA MOJOKERTO', NULL);
INSERT INTO `m_city` VALUES (3577, '35', NULL, 'KOTA MADIUN', NULL);
INSERT INTO `m_city` VALUES (3578, '35', NULL, 'KOTA SURABAYA', NULL);
INSERT INTO `m_city` VALUES (3579, '35', NULL, 'KOTA BATU', NULL);
INSERT INTO `m_city` VALUES (3601, '36', NULL, 'KABUPATEN PANDEGLANG', NULL);
INSERT INTO `m_city` VALUES (3602, '36', NULL, 'KABUPATEN LEBAK', NULL);
INSERT INTO `m_city` VALUES (3603, '36', NULL, 'KABUPATEN TANGERANG', NULL);
INSERT INTO `m_city` VALUES (3604, '36', NULL, 'KABUPATEN SERANG', NULL);
INSERT INTO `m_city` VALUES (3671, '36', NULL, 'KOTA TANGERANG', NULL);
INSERT INTO `m_city` VALUES (3672, '36', NULL, 'KOTA CILEGON', NULL);
INSERT INTO `m_city` VALUES (3673, '36', NULL, 'KOTA SERANG', NULL);
INSERT INTO `m_city` VALUES (3674, '36', NULL, 'KOTA TANGERANG SELATAN', NULL);
INSERT INTO `m_city` VALUES (5101, '51', NULL, 'KABUPATEN JEMBRANA', NULL);
INSERT INTO `m_city` VALUES (5102, '51', NULL, 'KABUPATEN TABANAN', NULL);
INSERT INTO `m_city` VALUES (5103, '51', NULL, 'KABUPATEN BADUNG', NULL);
INSERT INTO `m_city` VALUES (5104, '51', NULL, 'KABUPATEN GIANYAR', NULL);
INSERT INTO `m_city` VALUES (5105, '51', NULL, 'KABUPATEN KLUNGKUNG', NULL);
INSERT INTO `m_city` VALUES (5106, '51', NULL, 'KABUPATEN BANGLI', NULL);
INSERT INTO `m_city` VALUES (5107, '51', NULL, 'KABUPATEN KARANG ASEM', NULL);
INSERT INTO `m_city` VALUES (5108, '51', NULL, 'KABUPATEN BULELENG', NULL);
INSERT INTO `m_city` VALUES (5171, '51', NULL, 'KOTA DENPASAR', NULL);
INSERT INTO `m_city` VALUES (5201, '52', NULL, 'KABUPATEN LOMBOK BARAT', NULL);
INSERT INTO `m_city` VALUES (5202, '52', NULL, 'KABUPATEN LOMBOK TENGAH', NULL);
INSERT INTO `m_city` VALUES (5203, '52', NULL, 'KABUPATEN LOMBOK TIMUR', NULL);
INSERT INTO `m_city` VALUES (5204, '52', NULL, 'KABUPATEN SUMBAWA', NULL);
INSERT INTO `m_city` VALUES (5205, '52', NULL, 'KABUPATEN DOMPU', NULL);
INSERT INTO `m_city` VALUES (5206, '52', NULL, 'KABUPATEN BIMA', NULL);
INSERT INTO `m_city` VALUES (5207, '52', NULL, 'KABUPATEN SUMBAWA BARAT', NULL);
INSERT INTO `m_city` VALUES (5208, '52', NULL, 'KABUPATEN LOMBOK UTARA', NULL);
INSERT INTO `m_city` VALUES (5271, '52', NULL, 'KOTA MATARAM', NULL);
INSERT INTO `m_city` VALUES (5272, '52', NULL, 'KOTA BIMA', NULL);
INSERT INTO `m_city` VALUES (5301, '53', NULL, 'KABUPATEN SUMBA BARAT', NULL);
INSERT INTO `m_city` VALUES (5302, '53', NULL, 'KABUPATEN SUMBA TIMUR', NULL);
INSERT INTO `m_city` VALUES (5303, '53', NULL, 'KABUPATEN KUPANG', NULL);
INSERT INTO `m_city` VALUES (5304, '53', NULL, 'KABUPATEN TIMOR TENGAH SELATAN', NULL);
INSERT INTO `m_city` VALUES (5305, '53', NULL, 'KABUPATEN TIMOR TENGAH UTARA', NULL);
INSERT INTO `m_city` VALUES (5306, '53', NULL, 'KABUPATEN BELU', NULL);
INSERT INTO `m_city` VALUES (5307, '53', NULL, 'KABUPATEN ALOR', NULL);
INSERT INTO `m_city` VALUES (5308, '53', NULL, 'KABUPATEN LEMBATA', NULL);
INSERT INTO `m_city` VALUES (5309, '53', NULL, 'KABUPATEN FLORES TIMUR', NULL);
INSERT INTO `m_city` VALUES (5310, '53', NULL, 'KABUPATEN SIKKA', NULL);
INSERT INTO `m_city` VALUES (5311, '53', NULL, 'KABUPATEN ENDE', NULL);
INSERT INTO `m_city` VALUES (5312, '53', NULL, 'KABUPATEN NGADA', NULL);
INSERT INTO `m_city` VALUES (5313, '53', NULL, 'KABUPATEN MANGGARAI', NULL);
INSERT INTO `m_city` VALUES (5314, '53', NULL, 'KABUPATEN ROTE NDAO', NULL);
INSERT INTO `m_city` VALUES (5315, '53', NULL, 'KABUPATEN MANGGARAI BARAT', NULL);
INSERT INTO `m_city` VALUES (5316, '53', NULL, 'KABUPATEN SUMBA TENGAH', NULL);
INSERT INTO `m_city` VALUES (5317, '53', NULL, 'KABUPATEN SUMBA BARAT DAYA', NULL);
INSERT INTO `m_city` VALUES (5318, '53', NULL, 'KABUPATEN NAGEKEO', NULL);
INSERT INTO `m_city` VALUES (5319, '53', NULL, 'KABUPATEN MANGGARAI TIMUR', NULL);
INSERT INTO `m_city` VALUES (5320, '53', NULL, 'KABUPATEN SABU RAIJUA', NULL);
INSERT INTO `m_city` VALUES (5321, '53', NULL, 'KABUPATEN MALAKA', NULL);
INSERT INTO `m_city` VALUES (5371, '53', NULL, 'KOTA KUPANG', NULL);
INSERT INTO `m_city` VALUES (6101, '61', NULL, 'KABUPATEN SAMBAS', NULL);
INSERT INTO `m_city` VALUES (6102, '61', NULL, 'KABUPATEN BENGKAYANG', NULL);
INSERT INTO `m_city` VALUES (6103, '61', NULL, 'KABUPATEN LANDAK', NULL);
INSERT INTO `m_city` VALUES (6104, '61', NULL, 'KABUPATEN MEMPAWAH', NULL);
INSERT INTO `m_city` VALUES (6105, '61', NULL, 'KABUPATEN SANGGAU', NULL);
INSERT INTO `m_city` VALUES (6106, '61', NULL, 'KABUPATEN KETAPANG', NULL);
INSERT INTO `m_city` VALUES (6107, '61', NULL, 'KABUPATEN SINTANG', NULL);
INSERT INTO `m_city` VALUES (6108, '61', NULL, 'KABUPATEN KAPUAS HULU', NULL);
INSERT INTO `m_city` VALUES (6109, '61', NULL, 'KABUPATEN SEKADAU', NULL);
INSERT INTO `m_city` VALUES (6110, '61', NULL, 'KABUPATEN MELAWI', NULL);
INSERT INTO `m_city` VALUES (6111, '61', NULL, 'KABUPATEN KAYONG UTARA', NULL);
INSERT INTO `m_city` VALUES (6112, '61', NULL, 'KABUPATEN KUBU RAYA', NULL);
INSERT INTO `m_city` VALUES (6171, '61', NULL, 'KOTA PONTIANAK', NULL);
INSERT INTO `m_city` VALUES (6172, '61', NULL, 'KOTA SINGKAWANG', NULL);
INSERT INTO `m_city` VALUES (6201, '62', NULL, 'KABUPATEN KOTAWARINGIN BARAT', NULL);
INSERT INTO `m_city` VALUES (6202, '62', NULL, 'KABUPATEN KOTAWARINGIN TIMUR', NULL);
INSERT INTO `m_city` VALUES (6203, '62', NULL, 'KABUPATEN KAPUAS', NULL);
INSERT INTO `m_city` VALUES (6204, '62', NULL, 'KABUPATEN BARITO SELATAN', NULL);
INSERT INTO `m_city` VALUES (6205, '62', NULL, 'KABUPATEN BARITO UTARA', NULL);
INSERT INTO `m_city` VALUES (6206, '62', NULL, 'KABUPATEN SUKAMARA', NULL);
INSERT INTO `m_city` VALUES (6207, '62', NULL, 'KABUPATEN LAMANDAU', NULL);
INSERT INTO `m_city` VALUES (6208, '62', NULL, 'KABUPATEN SERUYAN', NULL);
INSERT INTO `m_city` VALUES (6209, '62', NULL, 'KABUPATEN KATINGAN', NULL);
INSERT INTO `m_city` VALUES (6210, '62', NULL, 'KABUPATEN PULANG PISAU', NULL);
INSERT INTO `m_city` VALUES (6211, '62', NULL, 'KABUPATEN GUNUNG MAS', NULL);
INSERT INTO `m_city` VALUES (6212, '62', NULL, 'KABUPATEN BARITO TIMUR', NULL);
INSERT INTO `m_city` VALUES (6213, '62', NULL, 'KABUPATEN MURUNG RAYA', NULL);
INSERT INTO `m_city` VALUES (6271, '62', NULL, 'KOTA PALANGKA RAYA', NULL);
INSERT INTO `m_city` VALUES (6301, '63', NULL, 'KABUPATEN TANAH LAUT', NULL);
INSERT INTO `m_city` VALUES (6302, '63', NULL, 'KABUPATEN KOTA BARU', NULL);
INSERT INTO `m_city` VALUES (6303, '63', NULL, 'KABUPATEN BANJAR', NULL);
INSERT INTO `m_city` VALUES (6304, '63', NULL, 'KABUPATEN BARITO KUALA', NULL);
INSERT INTO `m_city` VALUES (6305, '63', NULL, 'KABUPATEN TAPIN', NULL);
INSERT INTO `m_city` VALUES (6306, '63', NULL, 'KABUPATEN HULU SUNGAI SELATAN', NULL);
INSERT INTO `m_city` VALUES (6307, '63', NULL, 'KABUPATEN HULU SUNGAI TENGAH', NULL);
INSERT INTO `m_city` VALUES (6308, '63', NULL, 'KABUPATEN HULU SUNGAI UTARA', NULL);
INSERT INTO `m_city` VALUES (6309, '63', NULL, 'KABUPATEN TABALONG', NULL);
INSERT INTO `m_city` VALUES (6310, '63', NULL, 'KABUPATEN TANAH BUMBU', NULL);
INSERT INTO `m_city` VALUES (6311, '63', NULL, 'KABUPATEN BALANGAN', NULL);
INSERT INTO `m_city` VALUES (6371, '63', NULL, 'KOTA BANJARMASIN', NULL);
INSERT INTO `m_city` VALUES (6372, '63', NULL, 'KOTA BANJAR BARU', NULL);
INSERT INTO `m_city` VALUES (6401, '64', NULL, 'KABUPATEN PASER', NULL);
INSERT INTO `m_city` VALUES (6402, '64', NULL, 'KABUPATEN KUTAI BARAT', NULL);
INSERT INTO `m_city` VALUES (6403, '64', NULL, 'KABUPATEN KUTAI KARTANEGARA', NULL);
INSERT INTO `m_city` VALUES (6404, '64', NULL, 'KABUPATEN KUTAI TIMUR', NULL);
INSERT INTO `m_city` VALUES (6405, '64', NULL, 'KABUPATEN BERAU', NULL);
INSERT INTO `m_city` VALUES (6409, '64', NULL, 'KABUPATEN PENAJAM PASER UTARA', NULL);
INSERT INTO `m_city` VALUES (6411, '64', NULL, 'KABUPATEN MAHAKAM HULU', NULL);
INSERT INTO `m_city` VALUES (6471, '64', NULL, 'KOTA BALIKPAPAN', NULL);
INSERT INTO `m_city` VALUES (6472, '64', NULL, 'KOTA SAMARINDA', NULL);
INSERT INTO `m_city` VALUES (6474, '64', NULL, 'KOTA BONTANG', NULL);
INSERT INTO `m_city` VALUES (6501, '65', NULL, 'KABUPATEN MALINAU', NULL);
INSERT INTO `m_city` VALUES (6502, '65', NULL, 'KABUPATEN BULUNGAN', NULL);
INSERT INTO `m_city` VALUES (6503, '65', NULL, 'KABUPATEN TANA TIDUNG', NULL);
INSERT INTO `m_city` VALUES (6504, '65', NULL, 'KABUPATEN NUNUKAN', NULL);
INSERT INTO `m_city` VALUES (6571, '65', NULL, 'KOTA TARAKAN', NULL);
INSERT INTO `m_city` VALUES (7101, '71', NULL, 'KABUPATEN BOLAANG MONGONDOW', NULL);
INSERT INTO `m_city` VALUES (7102, '71', NULL, 'KABUPATEN MINAHASA', NULL);
INSERT INTO `m_city` VALUES (7103, '71', NULL, 'KABUPATEN KEPULAUAN SANGIHE', NULL);
INSERT INTO `m_city` VALUES (7104, '71', NULL, 'KABUPATEN KEPULAUAN TALAUD', NULL);
INSERT INTO `m_city` VALUES (7105, '71', NULL, 'KABUPATEN MINAHASA SELATAN', NULL);
INSERT INTO `m_city` VALUES (7106, '71', NULL, 'KABUPATEN MINAHASA UTARA', NULL);
INSERT INTO `m_city` VALUES (7107, '71', NULL, 'KABUPATEN BOLAANG MONGONDOW UTARA', NULL);
INSERT INTO `m_city` VALUES (7108, '71', NULL, 'KABUPATEN SIAU TAGULANDANG BIARO', NULL);
INSERT INTO `m_city` VALUES (7109, '71', NULL, 'KABUPATEN MINAHASA TENGGARA', NULL);
INSERT INTO `m_city` VALUES (7110, '71', NULL, 'KABUPATEN BOLAANG MONGONDOW SELATAN', NULL);
INSERT INTO `m_city` VALUES (7111, '71', NULL, 'KABUPATEN BOLAANG MONGONDOW TIMUR', NULL);
INSERT INTO `m_city` VALUES (7171, '71', NULL, 'KOTA MANADO', NULL);
INSERT INTO `m_city` VALUES (7172, '71', NULL, 'KOTA BITUNG', NULL);
INSERT INTO `m_city` VALUES (7173, '71', NULL, 'KOTA TOMOHON', NULL);
INSERT INTO `m_city` VALUES (7174, '71', NULL, 'KOTA KOTAMOBAGU', NULL);
INSERT INTO `m_city` VALUES (7201, '72', NULL, 'KABUPATEN BANGGAI KEPULAUAN', NULL);
INSERT INTO `m_city` VALUES (7202, '72', NULL, 'KABUPATEN BANGGAI', NULL);
INSERT INTO `m_city` VALUES (7203, '72', NULL, 'KABUPATEN MOROWALI', NULL);
INSERT INTO `m_city` VALUES (7204, '72', NULL, 'KABUPATEN POSO', NULL);
INSERT INTO `m_city` VALUES (7205, '72', NULL, 'KABUPATEN DONGGALA', NULL);
INSERT INTO `m_city` VALUES (7206, '72', NULL, 'KABUPATEN TOLI-TOLI', NULL);
INSERT INTO `m_city` VALUES (7207, '72', NULL, 'KABUPATEN BUOL', NULL);
INSERT INTO `m_city` VALUES (7208, '72', NULL, 'KABUPATEN PARIGI MOUTONG', NULL);
INSERT INTO `m_city` VALUES (7209, '72', NULL, 'KABUPATEN TOJO UNA-UNA', NULL);
INSERT INTO `m_city` VALUES (7210, '72', NULL, 'KABUPATEN SIGI', NULL);
INSERT INTO `m_city` VALUES (7211, '72', NULL, 'KABUPATEN BANGGAI LAUT', NULL);
INSERT INTO `m_city` VALUES (7212, '72', NULL, 'KABUPATEN MOROWALI UTARA', NULL);
INSERT INTO `m_city` VALUES (7271, '72', NULL, 'KOTA PALU', NULL);
INSERT INTO `m_city` VALUES (7301, '73', NULL, 'KABUPATEN KEPULAUAN SELAYAR', NULL);
INSERT INTO `m_city` VALUES (7302, '73', NULL, 'KABUPATEN BULUKUMBA', NULL);
INSERT INTO `m_city` VALUES (7303, '73', NULL, 'KABUPATEN BANTAENG', NULL);
INSERT INTO `m_city` VALUES (7304, '73', NULL, 'KABUPATEN JENEPONTO', NULL);
INSERT INTO `m_city` VALUES (7305, '73', NULL, 'KABUPATEN TAKALAR', NULL);
INSERT INTO `m_city` VALUES (7306, '73', NULL, 'KABUPATEN GOWA', NULL);
INSERT INTO `m_city` VALUES (7307, '73', NULL, 'KABUPATEN SINJAI', NULL);
INSERT INTO `m_city` VALUES (7308, '73', NULL, 'KABUPATEN MAROS', NULL);
INSERT INTO `m_city` VALUES (7309, '73', NULL, 'KABUPATEN PANGKAJENE DAN KEPULAUAN', NULL);
INSERT INTO `m_city` VALUES (7310, '73', NULL, 'KABUPATEN BARRU', NULL);
INSERT INTO `m_city` VALUES (7311, '73', NULL, 'KABUPATEN BONE', NULL);
INSERT INTO `m_city` VALUES (7312, '73', NULL, 'KABUPATEN SOPPENG', NULL);
INSERT INTO `m_city` VALUES (7313, '73', NULL, 'KABUPATEN WAJO', NULL);
INSERT INTO `m_city` VALUES (7314, '73', NULL, 'KABUPATEN SIDENRENG RAPPANG', NULL);
INSERT INTO `m_city` VALUES (7315, '73', NULL, 'KABUPATEN PINRANG', NULL);
INSERT INTO `m_city` VALUES (7316, '73', NULL, 'KABUPATEN ENREKANG', NULL);
INSERT INTO `m_city` VALUES (7317, '73', NULL, 'KABUPATEN LUWU', NULL);
INSERT INTO `m_city` VALUES (7318, '73', NULL, 'KABUPATEN TANA TORAJA', NULL);
INSERT INTO `m_city` VALUES (7322, '73', NULL, 'KABUPATEN LUWU UTARA', NULL);
INSERT INTO `m_city` VALUES (7325, '73', NULL, 'KABUPATEN LUWU TIMUR', NULL);
INSERT INTO `m_city` VALUES (7326, '73', NULL, 'KABUPATEN TORAJA UTARA', NULL);
INSERT INTO `m_city` VALUES (7371, '73', NULL, 'KOTA MAKASSAR', NULL);
INSERT INTO `m_city` VALUES (7372, '73', NULL, 'KOTA PAREPARE', NULL);
INSERT INTO `m_city` VALUES (7373, '73', NULL, 'KOTA PALOPO', NULL);
INSERT INTO `m_city` VALUES (7401, '74', NULL, 'KABUPATEN BUTON', NULL);
INSERT INTO `m_city` VALUES (7402, '74', NULL, 'KABUPATEN MUNA', NULL);
INSERT INTO `m_city` VALUES (7403, '74', NULL, 'KABUPATEN KONAWE', NULL);
INSERT INTO `m_city` VALUES (7404, '74', NULL, 'KABUPATEN KOLAKA', NULL);
INSERT INTO `m_city` VALUES (7405, '74', NULL, 'KABUPATEN KONAWE SELATAN', NULL);
INSERT INTO `m_city` VALUES (7406, '74', NULL, 'KABUPATEN BOMBANA', NULL);
INSERT INTO `m_city` VALUES (7407, '74', NULL, 'KABUPATEN WAKATOBI', NULL);
INSERT INTO `m_city` VALUES (7408, '74', NULL, 'KABUPATEN KOLAKA UTARA', NULL);
INSERT INTO `m_city` VALUES (7409, '74', NULL, 'KABUPATEN BUTON UTARA', NULL);
INSERT INTO `m_city` VALUES (7410, '74', NULL, 'KABUPATEN KONAWE UTARA', NULL);
INSERT INTO `m_city` VALUES (7411, '74', NULL, 'KABUPATEN KOLAKA TIMUR', NULL);
INSERT INTO `m_city` VALUES (7412, '74', NULL, 'KABUPATEN KONAWE KEPULAUAN', NULL);
INSERT INTO `m_city` VALUES (7413, '74', NULL, 'KABUPATEN MUNA BARAT', NULL);
INSERT INTO `m_city` VALUES (7414, '74', NULL, 'KABUPATEN BUTON TENGAH', NULL);
INSERT INTO `m_city` VALUES (7415, '74', NULL, 'KABUPATEN BUTON SELATAN', NULL);
INSERT INTO `m_city` VALUES (7471, '74', NULL, 'KOTA KENDARI', NULL);
INSERT INTO `m_city` VALUES (7472, '74', NULL, 'KOTA BAUBAU', NULL);
INSERT INTO `m_city` VALUES (7501, '75', NULL, 'KABUPATEN BOALEMO', NULL);
INSERT INTO `m_city` VALUES (7502, '75', NULL, 'KABUPATEN GORONTALO', NULL);
INSERT INTO `m_city` VALUES (7503, '75', NULL, 'KABUPATEN POHUWATO', NULL);
INSERT INTO `m_city` VALUES (7504, '75', NULL, 'KABUPATEN BONE BOLANGO', NULL);
INSERT INTO `m_city` VALUES (7505, '75', NULL, 'KABUPATEN GORONTALO UTARA', NULL);
INSERT INTO `m_city` VALUES (7571, '75', NULL, 'KOTA GORONTALO', NULL);
INSERT INTO `m_city` VALUES (7601, '76', NULL, 'KABUPATEN MAJENE', NULL);
INSERT INTO `m_city` VALUES (7602, '76', NULL, 'KABUPATEN POLEWALI MANDAR', NULL);
INSERT INTO `m_city` VALUES (7603, '76', NULL, 'KABUPATEN MAMASA', NULL);
INSERT INTO `m_city` VALUES (7604, '76', NULL, 'KABUPATEN MAMUJU', NULL);
INSERT INTO `m_city` VALUES (7605, '76', NULL, 'KABUPATEN MAMUJU UTARA', NULL);
INSERT INTO `m_city` VALUES (7606, '76', NULL, 'KABUPATEN MAMUJU TENGAH', NULL);
INSERT INTO `m_city` VALUES (8101, '81', NULL, 'KABUPATEN MALUKU TENGGARA BARAT', NULL);
INSERT INTO `m_city` VALUES (8102, '81', NULL, 'KABUPATEN MALUKU TENGGARA', NULL);
INSERT INTO `m_city` VALUES (8103, '81', NULL, 'KABUPATEN MALUKU TENGAH', NULL);
INSERT INTO `m_city` VALUES (8104, '81', NULL, 'KABUPATEN BURU', NULL);
INSERT INTO `m_city` VALUES (8105, '81', NULL, 'KABUPATEN KEPULAUAN ARU', NULL);
INSERT INTO `m_city` VALUES (8106, '81', NULL, 'KABUPATEN SERAM BAGIAN BARAT', NULL);
INSERT INTO `m_city` VALUES (8107, '81', NULL, 'KABUPATEN SERAM BAGIAN TIMUR', NULL);
INSERT INTO `m_city` VALUES (8108, '81', NULL, 'KABUPATEN MALUKU BARAT DAYA', NULL);
INSERT INTO `m_city` VALUES (8109, '81', NULL, 'KABUPATEN BURU SELATAN', NULL);
INSERT INTO `m_city` VALUES (8171, '81', NULL, 'KOTA AMBON', NULL);
INSERT INTO `m_city` VALUES (8172, '81', NULL, 'KOTA TUAL', NULL);
INSERT INTO `m_city` VALUES (8201, '82', NULL, 'KABUPATEN HALMAHERA BARAT', NULL);
INSERT INTO `m_city` VALUES (8202, '82', NULL, 'KABUPATEN HALMAHERA TENGAH', NULL);
INSERT INTO `m_city` VALUES (8203, '82', NULL, 'KABUPATEN KEPULAUAN SULA', NULL);
INSERT INTO `m_city` VALUES (8204, '82', NULL, 'KABUPATEN HALMAHERA SELATAN', NULL);
INSERT INTO `m_city` VALUES (8205, '82', NULL, 'KABUPATEN HALMAHERA UTARA', NULL);
INSERT INTO `m_city` VALUES (8206, '82', NULL, 'KABUPATEN HALMAHERA TIMUR', NULL);
INSERT INTO `m_city` VALUES (8207, '82', NULL, 'KABUPATEN PULAU MOROTAI', NULL);
INSERT INTO `m_city` VALUES (8208, '82', NULL, 'KABUPATEN PULAU TALIABU', NULL);
INSERT INTO `m_city` VALUES (8271, '82', NULL, 'KOTA TERNATE', NULL);
INSERT INTO `m_city` VALUES (8272, '82', NULL, 'KOTA TIDORE KEPULAUAN', NULL);
INSERT INTO `m_city` VALUES (9101, '91', NULL, 'KABUPATEN FAKFAK', NULL);
INSERT INTO `m_city` VALUES (9102, '91', NULL, 'KABUPATEN KAIMANA', NULL);
INSERT INTO `m_city` VALUES (9103, '91', NULL, 'KABUPATEN TELUK WONDAMA', NULL);
INSERT INTO `m_city` VALUES (9104, '91', NULL, 'KABUPATEN TELUK BINTUNI', NULL);
INSERT INTO `m_city` VALUES (9105, '91', NULL, 'KABUPATEN MANOKWARI', NULL);
INSERT INTO `m_city` VALUES (9106, '91', NULL, 'KABUPATEN SORONG SELATAN', NULL);
INSERT INTO `m_city` VALUES (9107, '91', NULL, 'KABUPATEN SORONG', NULL);
INSERT INTO `m_city` VALUES (9108, '91', NULL, 'KABUPATEN RAJA AMPAT', NULL);
INSERT INTO `m_city` VALUES (9109, '91', NULL, 'KABUPATEN TAMBRAUW', NULL);
INSERT INTO `m_city` VALUES (9110, '91', NULL, 'KABUPATEN MAYBRAT', NULL);
INSERT INTO `m_city` VALUES (9111, '91', NULL, 'KABUPATEN MANOKWARI SELATAN', NULL);
INSERT INTO `m_city` VALUES (9112, '91', NULL, 'KABUPATEN PEGUNUNGAN ARFAK', NULL);
INSERT INTO `m_city` VALUES (9171, '91', NULL, 'KOTA SORONG', NULL);
INSERT INTO `m_city` VALUES (9401, '94', NULL, 'KABUPATEN MERAUKE', NULL);
INSERT INTO `m_city` VALUES (9402, '94', NULL, 'KABUPATEN JAYAWIJAYA', NULL);
INSERT INTO `m_city` VALUES (9403, '94', NULL, 'KABUPATEN JAYAPURA', NULL);
INSERT INTO `m_city` VALUES (9404, '94', NULL, 'KABUPATEN NABIRE', NULL);
INSERT INTO `m_city` VALUES (9408, '94', NULL, 'KABUPATEN KEPULAUAN YAPEN', NULL);
INSERT INTO `m_city` VALUES (9409, '94', NULL, 'KABUPATEN BIAK NUMFOR', NULL);
INSERT INTO `m_city` VALUES (9410, '94', NULL, 'KABUPATEN PANIAI', NULL);
INSERT INTO `m_city` VALUES (9411, '94', NULL, 'KABUPATEN PUNCAK JAYA', NULL);
INSERT INTO `m_city` VALUES (9412, '94', NULL, 'KABUPATEN MIMIKA', NULL);
INSERT INTO `m_city` VALUES (9413, '94', NULL, 'KABUPATEN BOVEN DIGOEL', NULL);
INSERT INTO `m_city` VALUES (9414, '94', NULL, 'KABUPATEN MAPPI', NULL);
INSERT INTO `m_city` VALUES (9415, '94', NULL, 'KABUPATEN ASMAT', NULL);
INSERT INTO `m_city` VALUES (9416, '94', NULL, 'KABUPATEN YAHUKIMO', NULL);
INSERT INTO `m_city` VALUES (9417, '94', NULL, 'KABUPATEN PEGUNUNGAN BINTANG', NULL);
INSERT INTO `m_city` VALUES (9418, '94', NULL, 'KABUPATEN TOLIKARA', NULL);
INSERT INTO `m_city` VALUES (9419, '94', NULL, 'KABUPATEN SARMI', NULL);
INSERT INTO `m_city` VALUES (9420, '94', NULL, 'KABUPATEN KEEROM', NULL);
INSERT INTO `m_city` VALUES (9426, '94', NULL, 'KABUPATEN WAROPEN', NULL);
INSERT INTO `m_city` VALUES (9427, '94', NULL, 'KABUPATEN SUPIORI', NULL);
INSERT INTO `m_city` VALUES (9428, '94', NULL, 'KABUPATEN MAMBERAMO RAYA', NULL);
INSERT INTO `m_city` VALUES (9429, '94', NULL, 'KABUPATEN NDUGA', NULL);
INSERT INTO `m_city` VALUES (9430, '94', '9430', 'KABUPATEN LANNY JAYA', NULL);
INSERT INTO `m_city` VALUES (9431, '94', NULL, 'KABUPATEN MAMBERAMO TENGAH', NULL);
INSERT INTO `m_city` VALUES (9432, '94', NULL, 'KABUPATEN YALIMO', NULL);
INSERT INTO `m_city` VALUES (9433, '94', NULL, 'KABUPATEN PUNCAK', NULL);
INSERT INTO `m_city` VALUES (9434, '94', NULL, 'KABUPATEN DOGIYAI', NULL);
INSERT INTO `m_city` VALUES (9435, '94', NULL, 'KABUPATEN INTAN JAYA', NULL);
INSERT INTO `m_city` VALUES (9436, '94', NULL, 'KABUPATEN DEIYAI', NULL);
INSERT INTO `m_city` VALUES (9471, '94', '71', 'KOTA JAYAPURA', NULL);

-- ----------------------------
-- Table structure for m_item
-- ----------------------------
DROP TABLE IF EXISTS `m_item`;
CREATE TABLE `m_item`  (
  `item_id` int(11) NOT NULL AUTO_INCREMENT,
  `item_sku` varchar(255) CHARACTER SET utf8 COLLATE utf8_general_ci NULL DEFAULT NULL,
  `item_name` varchar(255) CHARACTER SET utf8 COLLATE utf8_general_ci NULL DEFAULT NULL,
  `category_id` int(11) NULL DEFAULT NULL,
  `input_date` datetime(0) NULL DEFAULT NULL,
  `update_date` datetime(0) NULL DEFAULT NULL,
  `flag` int(11) NULL DEFAULT 1,
  PRIMARY KEY (`item_id`) USING BTREE
) ENGINE = InnoDB AUTO_INCREMENT = 4 CHARACTER SET = utf8 COLLATE = utf8_general_ci ROW_FORMAT = Dynamic;

-- ----------------------------
-- Records of m_item
-- ----------------------------
INSERT INTO `m_item` VALUES (1, 'BGR1662243087', 'Ultramilk Coklat 250 ml', 1, '2022-09-04 05:11:31', '2022-09-04 05:15:20', 1);
INSERT INTO `m_item` VALUES (2, 'BGR1662267637', 'Komix Herbal 15 ml', 3, '2022-09-04 12:00:52', NULL, 1);
INSERT INTO `m_item` VALUES (3, 'BGR1662270889', 'Kaos Polos Gambar', 4, '2022-09-04 12:55:12', NULL, 1);

-- ----------------------------
-- Table structure for m_province
-- ----------------------------
DROP TABLE IF EXISTS `m_province`;
CREATE TABLE `m_province`  (
  `id` char(3) CHARACTER SET utf8mb4 COLLATE utf8mb4_unicode_ci NOT NULL,
  `code` varchar(255) CHARACTER SET utf8mb4 COLLATE utf8mb4_unicode_ci NULL DEFAULT NULL,
  `name` varchar(255) CHARACTER SET utf8mb4 COLLATE utf8mb4_unicode_ci NOT NULL,
  `deleted_at` timestamp(0) NULL DEFAULT NULL,
  PRIMARY KEY (`id`) USING BTREE,
  UNIQUE INDEX `id`(`id`) USING BTREE,
  UNIQUE INDEX `name`(`name`) USING BTREE
) ENGINE = InnoDB CHARACTER SET = utf8mb4 COLLATE = utf8mb4_unicode_ci ROW_FORMAT = Dynamic;

-- ----------------------------
-- Records of m_province
-- ----------------------------
INSERT INTO `m_province` VALUES ('11', NULL, 'ACEH', NULL);
INSERT INTO `m_province` VALUES ('12', NULL, 'SUMATERA UTARA', NULL);
INSERT INTO `m_province` VALUES ('13', NULL, 'SUMATERA BARAT', NULL);
INSERT INTO `m_province` VALUES ('14', NULL, 'RIAU', NULL);
INSERT INTO `m_province` VALUES ('15', NULL, 'JAMBI', NULL);
INSERT INTO `m_province` VALUES ('16', NULL, 'SUMATERA SELATAN', NULL);
INSERT INTO `m_province` VALUES ('17', NULL, 'BENGKULU', NULL);
INSERT INTO `m_province` VALUES ('18', NULL, 'LAMPUNG', NULL);
INSERT INTO `m_province` VALUES ('19', NULL, 'KEPULAUAN BANGKA BELITUNG', NULL);
INSERT INTO `m_province` VALUES ('21', NULL, 'KEPULAUAN RIAU', NULL);
INSERT INTO `m_province` VALUES ('31', NULL, 'DKI JAKARTA', NULL);
INSERT INTO `m_province` VALUES ('32', NULL, 'JAWA BARAT', NULL);
INSERT INTO `m_province` VALUES ('33', NULL, 'JAWA TENGAH', NULL);
INSERT INTO `m_province` VALUES ('34', NULL, 'DI YOGYAKARTA', NULL);
INSERT INTO `m_province` VALUES ('35', NULL, 'JAWA TIMUR', NULL);
INSERT INTO `m_province` VALUES ('36', NULL, 'BANTEN', NULL);
INSERT INTO `m_province` VALUES ('51', NULL, 'BALI', NULL);
INSERT INTO `m_province` VALUES ('52', NULL, 'NUSA TENGGARA BARAT', NULL);
INSERT INTO `m_province` VALUES ('53', NULL, 'NUSA TENGGARA TIMUR', NULL);
INSERT INTO `m_province` VALUES ('61', NULL, 'KALIMANTAN BARAT', NULL);
INSERT INTO `m_province` VALUES ('62', NULL, 'KALIMANTAN TENGAH', NULL);
INSERT INTO `m_province` VALUES ('63', NULL, 'KALIMANTAN SELATAN', NULL);
INSERT INTO `m_province` VALUES ('64', NULL, 'KALIMANTAN TIMUR', NULL);
INSERT INTO `m_province` VALUES ('65', NULL, 'KALIMANTAN UTARA', NULL);
INSERT INTO `m_province` VALUES ('71', NULL, 'SULAWESI UTARA', NULL);
INSERT INTO `m_province` VALUES ('72', NULL, 'SULAWESI TENGAH', NULL);
INSERT INTO `m_province` VALUES ('73', NULL, 'SULAWESI SELATAN', NULL);
INSERT INTO `m_province` VALUES ('74', NULL, 'SULAWESI TENGGARA', NULL);
INSERT INTO `m_province` VALUES ('75', NULL, 'GORONTALO', NULL);
INSERT INTO `m_province` VALUES ('76', NULL, 'SULAWESI BARAT', NULL);
INSERT INTO `m_province` VALUES ('81', NULL, 'MALUKU', NULL);
INSERT INTO `m_province` VALUES ('82', NULL, 'MALUKU UTARA', NULL);
INSERT INTO `m_province` VALUES ('91', NULL, 'PAPUA BARAT', NULL);
INSERT INTO `m_province` VALUES ('94', NULL, 'PAPUA', NULL);

-- ----------------------------
-- Table structure for tbl_access
-- ----------------------------
DROP TABLE IF EXISTS `tbl_access`;
CREATE TABLE `tbl_access`  (
  `access_id` int(11) NOT NULL AUTO_INCREMENT,
  `id_login` int(11) NULL DEFAULT NULL,
  `menu_id` int(11) NULL DEFAULT NULL,
  `submenu_id` int(11) NULL DEFAULT NULL,
  `input_date` datetime(0) NULL DEFAULT NULL,
  PRIMARY KEY (`access_id`) USING BTREE
) ENGINE = InnoDB AUTO_INCREMENT = 200 CHARACTER SET = utf8 COLLATE = utf8_general_ci ROW_FORMAT = Dynamic;

-- ----------------------------
-- Records of tbl_access
-- ----------------------------
INSERT INTO `tbl_access` VALUES (17, 5, 3, 1, '2022-09-04 14:14:30');
INSERT INTO `tbl_access` VALUES (18, 5, 3, 2, '2022-09-04 14:14:30');
INSERT INTO `tbl_access` VALUES (19, 5, 3, 3, '2022-09-04 14:14:30');
INSERT INTO `tbl_access` VALUES (20, 5, 3, 4, '2022-09-04 14:14:30');
INSERT INTO `tbl_access` VALUES (21, 5, 4, 7, '2022-09-04 14:14:30');
INSERT INTO `tbl_access` VALUES (26, 4, 1, 8, '2022-09-04 02:50:43');
INSERT INTO `tbl_access` VALUES (27, 4, 2, 9, '2022-09-04 02:50:43');
INSERT INTO `tbl_access` VALUES (28, 6, 1, 8, '2022-09-04 03:31:33');
INSERT INTO `tbl_access` VALUES (29, 6, 2, 9, '2022-09-04 03:31:33');
INSERT INTO `tbl_access` VALUES (30, 1, 1, 8, '2023-03-26 01:49:12');
INSERT INTO `tbl_access` VALUES (31, 1, 2, 9, '2023-03-26 01:49:12');
INSERT INTO `tbl_access` VALUES (32, 1, 3, 1, '2023-03-26 01:49:12');
INSERT INTO `tbl_access` VALUES (33, 1, 3, 2, '2023-03-26 01:49:12');
INSERT INTO `tbl_access` VALUES (34, 1, 3, 3, '2023-03-26 01:49:12');
INSERT INTO `tbl_access` VALUES (35, 1, 3, 4, '2023-03-26 01:49:12');
INSERT INTO `tbl_access` VALUES (36, 1, 3, 5, '2023-03-26 01:49:12');
INSERT INTO `tbl_access` VALUES (37, 1, 3, 10, '2023-03-26 01:49:12');
INSERT INTO `tbl_access` VALUES (38, 1, 4, 6, '2023-03-26 01:49:12');
INSERT INTO `tbl_access` VALUES (39, 1, 4, 7, '2023-03-26 01:49:12');
INSERT INTO `tbl_access` VALUES (40, 7, 1, 8, '2023-03-27 08:51:25');
INSERT INTO `tbl_access` VALUES (41, 8, 1, 8, '2023-03-27 08:51:25');
INSERT INTO `tbl_access` VALUES (42, 9, 1, 8, '2023-03-27 08:51:25');
INSERT INTO `tbl_access` VALUES (43, 10, 1, 8, '2023-03-27 08:51:25');
INSERT INTO `tbl_access` VALUES (44, 11, 1, 8, '2023-03-27 08:51:25');
INSERT INTO `tbl_access` VALUES (45, 12, 1, 8, '2023-03-27 08:51:25');
INSERT INTO `tbl_access` VALUES (46, 13, 1, 8, '2023-03-27 08:51:25');
INSERT INTO `tbl_access` VALUES (47, 14, 1, 8, '2023-03-27 08:51:25');
INSERT INTO `tbl_access` VALUES (48, 15, 1, 8, '2023-03-27 08:51:25');
INSERT INTO `tbl_access` VALUES (49, 16, 1, 8, '2023-03-27 08:51:25');
INSERT INTO `tbl_access` VALUES (50, 17, 1, 8, '2023-03-27 08:51:25');
INSERT INTO `tbl_access` VALUES (51, 18, 1, 8, '2023-03-27 08:51:25');
INSERT INTO `tbl_access` VALUES (52, 19, 1, 8, '2023-03-27 08:51:25');
INSERT INTO `tbl_access` VALUES (53, 20, 1, 8, '2023-03-27 08:51:25');
INSERT INTO `tbl_access` VALUES (54, 21, 1, 8, '2023-03-27 08:51:25');
INSERT INTO `tbl_access` VALUES (55, 22, 1, 8, '2023-03-27 08:51:25');
INSERT INTO `tbl_access` VALUES (56, 23, 1, 8, '2023-03-27 08:51:25');
INSERT INTO `tbl_access` VALUES (57, 24, 1, 8, '2023-03-27 08:51:25');
INSERT INTO `tbl_access` VALUES (58, 25, 1, 8, '2023-03-27 08:51:25');
INSERT INTO `tbl_access` VALUES (59, 26, 1, 8, '2023-03-27 08:51:25');
INSERT INTO `tbl_access` VALUES (60, 27, 1, 8, '2023-03-27 08:51:25');
INSERT INTO `tbl_access` VALUES (61, 28, 1, 8, '2023-03-27 08:51:25');
INSERT INTO `tbl_access` VALUES (62, 29, 1, 8, '2023-03-27 08:51:25');
INSERT INTO `tbl_access` VALUES (63, 30, 1, 8, '2023-03-27 08:51:25');
INSERT INTO `tbl_access` VALUES (64, 31, 1, 8, '2023-03-27 08:51:25');
INSERT INTO `tbl_access` VALUES (65, 32, 1, 8, '2023-03-27 08:51:25');
INSERT INTO `tbl_access` VALUES (66, 33, 1, 8, '2023-03-27 08:51:25');
INSERT INTO `tbl_access` VALUES (67, 34, 1, 8, '2023-03-27 08:51:25');
INSERT INTO `tbl_access` VALUES (68, 35, 1, 8, '2023-03-27 08:51:25');
INSERT INTO `tbl_access` VALUES (69, 36, 1, 8, '2023-03-27 08:51:25');
INSERT INTO `tbl_access` VALUES (70, 37, 1, 8, '2023-03-27 08:51:25');
INSERT INTO `tbl_access` VALUES (71, 38, 1, 8, '2023-03-27 08:51:25');
INSERT INTO `tbl_access` VALUES (72, 39, 1, 8, '2023-03-27 08:51:25');
INSERT INTO `tbl_access` VALUES (73, 40, 1, 8, '2023-03-27 08:51:25');
INSERT INTO `tbl_access` VALUES (74, 41, 1, 8, '2023-03-27 08:51:25');
INSERT INTO `tbl_access` VALUES (75, 42, 1, 8, '2023-03-27 08:51:25');
INSERT INTO `tbl_access` VALUES (76, 43, 1, 8, '2023-03-27 08:51:25');
INSERT INTO `tbl_access` VALUES (77, 44, 1, 8, '2023-03-27 08:51:25');
INSERT INTO `tbl_access` VALUES (78, 45, 1, 8, '2023-03-27 08:51:25');
INSERT INTO `tbl_access` VALUES (79, 46, 1, 8, '2023-03-27 08:51:25');
INSERT INTO `tbl_access` VALUES (80, 47, 1, 8, '2023-03-27 08:51:25');
INSERT INTO `tbl_access` VALUES (81, 48, 1, 8, '2023-03-27 08:51:25');
INSERT INTO `tbl_access` VALUES (82, 49, 1, 8, '2023-03-27 08:51:25');
INSERT INTO `tbl_access` VALUES (83, 50, 1, 8, '2023-03-27 08:51:25');
INSERT INTO `tbl_access` VALUES (84, 51, 1, 8, '2023-03-27 08:51:25');
INSERT INTO `tbl_access` VALUES (85, 52, 1, 8, '2023-03-27 08:51:25');
INSERT INTO `tbl_access` VALUES (86, 53, 1, 8, '2023-03-27 08:51:25');
INSERT INTO `tbl_access` VALUES (87, 54, 1, 8, '2023-03-27 08:51:25');
INSERT INTO `tbl_access` VALUES (88, 55, 1, 8, '2023-03-27 08:51:25');
INSERT INTO `tbl_access` VALUES (89, 56, 1, 8, '2023-03-27 08:51:25');
INSERT INTO `tbl_access` VALUES (90, 57, 1, 8, '2023-03-27 08:51:25');
INSERT INTO `tbl_access` VALUES (91, 58, 1, 8, '2023-03-27 08:51:25');
INSERT INTO `tbl_access` VALUES (92, 59, 1, 8, '2023-03-27 08:51:25');
INSERT INTO `tbl_access` VALUES (93, 60, 1, 8, '2023-03-27 08:51:25');
INSERT INTO `tbl_access` VALUES (94, 61, 1, 8, '2023-03-27 08:51:25');
INSERT INTO `tbl_access` VALUES (95, 62, 1, 8, '2023-03-27 08:51:25');
INSERT INTO `tbl_access` VALUES (96, 63, 1, 8, '2023-03-27 08:51:25');
INSERT INTO `tbl_access` VALUES (97, 64, 1, 8, '2023-03-27 08:51:25');
INSERT INTO `tbl_access` VALUES (98, 65, 1, 8, '2023-03-27 08:51:25');
INSERT INTO `tbl_access` VALUES (99, 66, 1, 8, '2023-03-27 08:51:25');
INSERT INTO `tbl_access` VALUES (100, 67, 1, 8, '2023-03-27 08:51:25');
INSERT INTO `tbl_access` VALUES (101, 68, 1, 8, '2023-03-27 08:51:25');
INSERT INTO `tbl_access` VALUES (102, 69, 1, 8, '2023-03-27 08:51:25');
INSERT INTO `tbl_access` VALUES (103, 70, 1, 8, '2023-03-27 08:51:25');
INSERT INTO `tbl_access` VALUES (104, 71, 1, 8, '2023-03-27 08:51:25');
INSERT INTO `tbl_access` VALUES (105, 72, 1, 8, '2023-03-27 08:51:25');
INSERT INTO `tbl_access` VALUES (106, 73, 1, 8, '2023-03-27 08:51:25');
INSERT INTO `tbl_access` VALUES (107, 74, 1, 8, '2023-03-27 08:51:25');
INSERT INTO `tbl_access` VALUES (108, 75, 1, 8, '2023-03-27 08:51:25');
INSERT INTO `tbl_access` VALUES (109, 76, 1, 8, '2023-03-27 08:51:25');
INSERT INTO `tbl_access` VALUES (110, 77, 1, 8, '2023-03-27 08:51:25');
INSERT INTO `tbl_access` VALUES (111, 78, 1, 8, '2023-03-27 08:51:25');
INSERT INTO `tbl_access` VALUES (112, 79, 1, 8, '2023-03-27 08:51:25');
INSERT INTO `tbl_access` VALUES (113, 80, 1, 8, '2023-03-27 08:51:25');
INSERT INTO `tbl_access` VALUES (114, 81, 1, 8, '2023-03-27 08:51:25');
INSERT INTO `tbl_access` VALUES (115, 82, 1, 8, '2023-03-27 08:51:25');
INSERT INTO `tbl_access` VALUES (116, 83, 1, 8, '2023-03-27 08:51:25');
INSERT INTO `tbl_access` VALUES (117, 84, 1, 8, '2023-03-27 08:51:25');
INSERT INTO `tbl_access` VALUES (118, 85, 1, 8, '2023-03-27 08:51:25');
INSERT INTO `tbl_access` VALUES (119, 86, 1, 8, '2023-03-27 08:51:25');
INSERT INTO `tbl_access` VALUES (120, 87, 1, 8, '2023-03-27 08:51:25');
INSERT INTO `tbl_access` VALUES (121, 88, 1, 8, '2023-03-27 08:51:25');
INSERT INTO `tbl_access` VALUES (122, 89, 1, 8, '2023-03-27 08:51:25');
INSERT INTO `tbl_access` VALUES (123, 90, 1, 8, '2023-03-27 08:51:25');
INSERT INTO `tbl_access` VALUES (124, 91, 1, 8, '2023-03-27 08:51:25');
INSERT INTO `tbl_access` VALUES (125, 92, 1, 8, '2023-03-27 08:51:25');
INSERT INTO `tbl_access` VALUES (126, 93, 1, 8, '2023-03-27 08:51:25');
INSERT INTO `tbl_access` VALUES (127, 94, 1, 8, '2023-03-27 08:51:25');
INSERT INTO `tbl_access` VALUES (128, 95, 1, 8, '2023-03-27 08:51:25');
INSERT INTO `tbl_access` VALUES (129, 96, 1, 8, '2023-03-27 08:51:25');
INSERT INTO `tbl_access` VALUES (130, 97, 1, 8, '2023-03-27 08:51:25');
INSERT INTO `tbl_access` VALUES (131, 98, 1, 8, '2023-03-27 08:51:25');
INSERT INTO `tbl_access` VALUES (132, 99, 1, 8, '2023-03-27 08:51:25');
INSERT INTO `tbl_access` VALUES (133, 100, 1, 8, '2023-03-27 08:51:25');
INSERT INTO `tbl_access` VALUES (134, 101, 1, 8, '2023-03-27 08:51:25');
INSERT INTO `tbl_access` VALUES (135, 102, 1, 8, '2023-03-27 08:51:25');
INSERT INTO `tbl_access` VALUES (136, 103, 1, 8, '2023-03-27 08:51:25');
INSERT INTO `tbl_access` VALUES (137, 104, 1, 8, '2023-03-27 08:51:25');
INSERT INTO `tbl_access` VALUES (138, 105, 1, 8, '2023-03-27 08:51:25');
INSERT INTO `tbl_access` VALUES (139, 106, 1, 8, '2023-03-27 08:51:25');
INSERT INTO `tbl_access` VALUES (140, 107, 1, 8, '2023-03-27 08:51:25');
INSERT INTO `tbl_access` VALUES (141, 108, 1, 8, '2023-03-27 08:51:25');
INSERT INTO `tbl_access` VALUES (142, 109, 1, 8, '2023-03-27 08:51:25');
INSERT INTO `tbl_access` VALUES (143, 110, 1, 8, '2023-03-27 08:51:25');
INSERT INTO `tbl_access` VALUES (144, 111, 1, 8, '2023-03-27 08:51:25');
INSERT INTO `tbl_access` VALUES (145, 112, 1, 8, '2023-03-27 08:51:25');
INSERT INTO `tbl_access` VALUES (146, 113, 1, 8, '2023-03-27 08:51:25');
INSERT INTO `tbl_access` VALUES (147, 114, 1, 8, '2023-03-27 08:51:25');
INSERT INTO `tbl_access` VALUES (148, 115, 1, 8, '2023-03-27 08:51:25');
INSERT INTO `tbl_access` VALUES (149, 116, 1, 8, '2023-03-27 08:51:25');
INSERT INTO `tbl_access` VALUES (150, 117, 1, 8, '2023-03-27 08:51:25');
INSERT INTO `tbl_access` VALUES (151, 118, 1, 8, '2023-03-27 08:51:25');
INSERT INTO `tbl_access` VALUES (152, 119, 1, 8, '2023-03-27 08:51:25');
INSERT INTO `tbl_access` VALUES (153, 120, 1, 8, '2023-03-27 08:51:25');
INSERT INTO `tbl_access` VALUES (154, 121, 1, 8, '2023-03-27 08:51:25');
INSERT INTO `tbl_access` VALUES (155, 122, 1, 8, '2023-03-27 08:51:25');
INSERT INTO `tbl_access` VALUES (156, 123, 1, 8, '2023-03-27 08:51:25');
INSERT INTO `tbl_access` VALUES (157, 124, 1, 8, '2023-03-27 08:51:25');
INSERT INTO `tbl_access` VALUES (158, 125, 1, 8, '2023-03-27 08:51:25');
INSERT INTO `tbl_access` VALUES (159, 126, 1, 8, '2023-03-27 08:51:25');
INSERT INTO `tbl_access` VALUES (160, 127, 1, 8, '2023-03-27 08:51:25');
INSERT INTO `tbl_access` VALUES (161, 128, 1, 8, '2023-03-27 08:51:25');
INSERT INTO `tbl_access` VALUES (162, 129, 1, 8, '2023-03-27 08:51:25');
INSERT INTO `tbl_access` VALUES (163, 130, 1, 8, '2023-03-27 08:51:25');
INSERT INTO `tbl_access` VALUES (164, 131, 1, 8, '2023-03-27 08:51:25');
INSERT INTO `tbl_access` VALUES (165, 132, 1, 8, '2023-03-27 08:51:25');
INSERT INTO `tbl_access` VALUES (166, 133, 1, 8, '2023-03-27 08:51:25');
INSERT INTO `tbl_access` VALUES (167, 134, 1, 8, '2023-03-27 08:51:25');
INSERT INTO `tbl_access` VALUES (168, 135, 1, 8, '2023-03-27 08:51:25');
INSERT INTO `tbl_access` VALUES (169, 136, 1, 8, '2023-03-27 08:51:25');
INSERT INTO `tbl_access` VALUES (170, 137, 1, 8, '2023-03-27 08:51:25');
INSERT INTO `tbl_access` VALUES (171, 138, 1, 8, '2023-03-27 08:51:25');
INSERT INTO `tbl_access` VALUES (172, 139, 1, 8, '2023-03-27 08:51:25');
INSERT INTO `tbl_access` VALUES (173, 140, 1, 8, '2023-03-27 08:51:25');
INSERT INTO `tbl_access` VALUES (174, 141, 1, 8, '2023-03-27 08:51:25');
INSERT INTO `tbl_access` VALUES (175, 142, 1, 8, '2023-03-27 08:51:25');
INSERT INTO `tbl_access` VALUES (176, 143, 1, 8, '2023-03-27 08:51:25');
INSERT INTO `tbl_access` VALUES (177, 144, 1, 8, '2023-03-27 08:51:25');
INSERT INTO `tbl_access` VALUES (178, 145, 1, 8, '2023-03-27 08:51:25');
INSERT INTO `tbl_access` VALUES (179, 146, 1, 8, '2023-03-27 08:51:25');
INSERT INTO `tbl_access` VALUES (180, 147, 1, 8, '2023-03-27 08:51:25');
INSERT INTO `tbl_access` VALUES (181, 148, 1, 8, '2023-03-27 08:51:25');
INSERT INTO `tbl_access` VALUES (182, 149, 1, 8, '2023-03-27 08:51:25');
INSERT INTO `tbl_access` VALUES (183, 150, 1, 8, '2023-03-27 08:51:25');
INSERT INTO `tbl_access` VALUES (184, 151, 1, 8, '2023-03-27 08:51:25');
INSERT INTO `tbl_access` VALUES (185, 152, 1, 8, '2023-03-27 08:51:25');
INSERT INTO `tbl_access` VALUES (186, 153, 1, 8, '2023-03-27 08:51:25');
INSERT INTO `tbl_access` VALUES (187, 154, 1, 8, '2023-03-27 08:51:25');
INSERT INTO `tbl_access` VALUES (188, 155, 1, 8, '2023-03-27 08:51:25');
INSERT INTO `tbl_access` VALUES (189, 156, 1, 8, '2023-03-27 08:51:25');
INSERT INTO `tbl_access` VALUES (190, 157, 1, 8, '2023-03-27 08:51:25');
INSERT INTO `tbl_access` VALUES (191, 158, 1, 8, '2023-03-27 08:51:25');
INSERT INTO `tbl_access` VALUES (192, 159, 1, 8, '2023-03-27 08:51:25');
INSERT INTO `tbl_access` VALUES (193, 160, 1, 8, '2023-03-27 08:51:25');
INSERT INTO `tbl_access` VALUES (194, 161, 1, 8, '2023-03-27 08:51:25');
INSERT INTO `tbl_access` VALUES (195, 162, 1, 8, '2023-03-27 08:51:25');
INSERT INTO `tbl_access` VALUES (196, 163, 1, 8, '2023-03-27 08:51:25');
INSERT INTO `tbl_access` VALUES (197, 164, 1, 8, '2023-03-27 08:51:25');
INSERT INTO `tbl_access` VALUES (199, 166, 1, 8, '2023-03-27 09:23:08');

-- ----------------------------
-- Table structure for tbl_emp
-- ----------------------------
DROP TABLE IF EXISTS `tbl_emp`;
CREATE TABLE `tbl_emp`  (
  `nik` char(8) CHARACTER SET utf8mb4 COLLATE utf8mb4_unicode_ci NOT NULL,
  `emp_fullname` char(80) CHARACTER SET latin1 COLLATE latin1_swedish_ci NOT NULL,
  `emp_called` char(15) CHARACTER SET latin1 COLLATE latin1_swedish_ci NOT NULL,
  `emp_otitle` char(15) CHARACTER SET latin1 COLLATE latin1_swedish_ci NOT NULL,
  `emp_sex` tinyint(5) NOT NULL,
  `emp_dob` date NOT NULL,
  `emp_bop` int(11) NOT NULL,
  `emp_nat` char(3) CHARACTER SET latin1 COLLATE latin1_swedish_ci NOT NULL DEFAULT 'ID',
  `created_at` timestamp(0) NOT NULL DEFAULT current_timestamp(0),
  `updated_at` datetime(0) NULL DEFAULT NULL,
  `deleted_at` datetime(0) NULL DEFAULT NULL,
  `status` tinyint(1) NULL DEFAULT 0,
  PRIMARY KEY (`nik`) USING BTREE,
  INDEX `nik`(`nik`) USING BTREE
) ENGINE = MyISAM CHARACTER SET = latin1 COLLATE = latin1_swedish_ci ROW_FORMAT = Fixed;

-- ----------------------------
-- Records of tbl_emp
-- ----------------------------
INSERT INTO `tbl_emp` VALUES ('10009528', 'Eugenia Lowe', 'Eugenia Lowe', '', 1, '1994-03-07', 3205, 'ID', '2023-03-27 08:51:25', NULL, NULL, 1);
INSERT INTO `tbl_emp` VALUES ('10009527', 'Dorthy Ali', 'Dorthy Ali', '', 1, '1994-03-06', 3204, 'ID', '2023-03-27 08:51:25', NULL, NULL, 1);
INSERT INTO `tbl_emp` VALUES ('10009526', 'Lyle Bentley', 'Lyle Bentley', '', 2, '1994-03-05', 3203, 'ID', '2023-03-27 08:51:25', NULL, NULL, 1);
INSERT INTO `tbl_emp` VALUES ('10009525', 'Bonita Lane', 'Bonita Lane', '', 2, '1994-03-04', 3202, 'ID', '2023-03-27 08:51:25', NULL, NULL, 1);
INSERT INTO `tbl_emp` VALUES ('10009524', 'Rosemarie Chan', 'Rosemarie Chan', '', 1, '1994-03-03', 3201, 'ID', '2023-03-27 08:51:25', NULL, NULL, 1);
INSERT INTO `tbl_emp` VALUES ('10009523', 'Foster Dunlap', 'Foster Dunlap', '', 2, '1994-03-02', 3175, 'ID', '2023-03-27 08:51:25', NULL, NULL, 1);
INSERT INTO `tbl_emp` VALUES ('10009522', 'Darcy Roach', 'Darcy Roach', '', 1, '1994-03-01', 3174, 'ID', '2023-03-27 08:51:25', NULL, NULL, 1);
INSERT INTO `tbl_emp` VALUES ('10009521', 'Thomas Whitehead', 'Thomas Whitehea', '', 2, '1994-02-28', 2105, 'ID', '2023-03-27 08:51:25', NULL, NULL, 1);
INSERT INTO `tbl_emp` VALUES ('10009520', 'Quentin Waller', 'Quentin Waller', '', 2, '1994-02-27', 2104, 'ID', '2023-03-27 08:51:25', NULL, NULL, 1);
INSERT INTO `tbl_emp` VALUES ('10009519', 'Faith Newman', 'Faith Newman', '', 1, '1994-02-26', 2103, 'ID', '2023-03-27 08:51:25', NULL, NULL, 1);
INSERT INTO `tbl_emp` VALUES ('10009518', 'Luke Mclean', 'Luke Mclean', '', 2, '1994-02-25', 2102, 'ID', '2023-03-27 08:51:25', NULL, NULL, 1);
INSERT INTO `tbl_emp` VALUES ('10009517', 'Loyd Hutchinson', 'Loyd Hutchinson', '', 2, '1994-02-24', 2101, 'ID', '2023-03-27 08:51:25', NULL, NULL, 1);
INSERT INTO `tbl_emp` VALUES ('10009516', 'Rowena Mcdonald', 'Rowena Mcdonald', '', 2, '1994-02-23', 2071, 'ID', '2023-03-27 08:51:25', NULL, NULL, 1);
INSERT INTO `tbl_emp` VALUES ('10009515', 'Doreen Reed', 'Doreen Reed', '', 2, '1994-02-22', 1971, 'ID', '2023-03-27 08:51:25', NULL, NULL, 1);
INSERT INTO `tbl_emp` VALUES ('10009514', 'Lindsay Allen', 'Lindsay Allen', '', 2, '1994-02-21', 1906, 'ID', '2023-03-27 08:51:25', NULL, NULL, 1);
INSERT INTO `tbl_emp` VALUES ('10009513', 'Lynwood Mcgrath', 'Lynwood Mcgrath', '', 1, '1994-02-20', 1905, 'ID', '2023-03-27 08:51:25', NULL, NULL, 1);
INSERT INTO `tbl_emp` VALUES ('10009512', 'Fletcher Nelson', 'Fletcher Nelson', '', 2, '1994-02-19', 1904, 'ID', '2023-03-27 08:51:25', NULL, NULL, 1);
INSERT INTO `tbl_emp` VALUES ('10009511', 'Ty Elliott', 'Ty Elliott', '', 2, '1994-02-18', 1903, 'ID', '2023-03-27 08:51:25', NULL, NULL, 1);
INSERT INTO `tbl_emp` VALUES ('10009510', 'Edmund Harper', 'Edmund Harper', '', 2, '1994-02-17', 1902, 'ID', '2023-03-27 08:51:25', NULL, NULL, 1);
INSERT INTO `tbl_emp` VALUES ('10009509', 'Angelique Schroeder', 'Angelique Schro', '', 1, '1994-02-16', 1901, 'ID', '2023-03-27 08:51:25', NULL, NULL, 1);
INSERT INTO `tbl_emp` VALUES ('10009508', 'Imelda Hardy', 'Imelda Hardy', '', 1, '1994-02-15', 1872, 'ID', '2023-03-27 08:51:25', NULL, NULL, 1);
INSERT INTO `tbl_emp` VALUES ('10009507', 'Eve Kelley', 'Eve Kelley', '', 2, '1994-02-14', 1871, 'ID', '2023-03-27 08:51:25', NULL, NULL, 1);
INSERT INTO `tbl_emp` VALUES ('10009506', 'Sharon Bautista', 'Sharon Bautista', '', 1, '1994-02-13', 1813, 'ID', '2023-03-27 08:51:25', NULL, NULL, 1);
INSERT INTO `tbl_emp` VALUES ('10009505', 'Mose Rowland', 'Mose Rowland', '', 1, '1994-02-12', 1812, 'ID', '2023-03-27 08:51:25', NULL, NULL, 1);
INSERT INTO `tbl_emp` VALUES ('10009504', 'Dominique Dominguez', 'Dominique Domin', '', 1, '1994-02-11', 1811, 'ID', '2023-03-27 08:51:25', NULL, NULL, 1);
INSERT INTO `tbl_emp` VALUES ('10009503', 'Alphonse Hogan', 'Alphonse Hogan', '', 1, '1994-02-10', 1810, 'ID', '2023-03-27 08:51:25', NULL, NULL, 1);
INSERT INTO `tbl_emp` VALUES ('10009502', 'Earline Mckinney', 'Earline Mckinne', '', 1, '1994-02-09', 1809, 'ID', '2023-03-27 08:51:25', NULL, NULL, 1);
INSERT INTO `tbl_emp` VALUES ('10009501', 'Jamel Mckenzie', 'Jamel Mckenzie', '', 2, '1994-02-08', 1808, 'ID', '2023-03-27 08:51:25', NULL, NULL, 1);
INSERT INTO `tbl_emp` VALUES ('10009500', 'Karen Pena', 'Karen Pena', '', 1, '1994-02-07', 1807, 'ID', '2023-03-27 08:51:25', NULL, NULL, 1);
INSERT INTO `tbl_emp` VALUES ('10009499', 'Velma Poole', 'Velma Poole', '', 2, '1994-02-06', 1806, 'ID', '2023-03-27 08:51:25', NULL, NULL, 1);
INSERT INTO `tbl_emp` VALUES ('10009498', 'Casey Cline', 'Casey Cline', '', 1, '1994-02-05', 1805, 'ID', '2023-03-27 08:51:25', NULL, NULL, 1);
INSERT INTO `tbl_emp` VALUES ('10009497', 'Malcolm Mckee', 'Malcolm Mckee', '', 1, '1994-02-04', 1804, 'ID', '2023-03-27 08:51:25', NULL, NULL, 1);
INSERT INTO `tbl_emp` VALUES ('10009496', 'Jerrod Stout', 'Jerrod Stout', '', 1, '1994-02-03', 1803, 'ID', '2023-03-27 08:51:25', NULL, NULL, 1);
INSERT INTO `tbl_emp` VALUES ('10009495', 'Briana Collier', 'Briana Collier', '', 2, '1994-02-02', 1802, 'ID', '2023-03-27 08:51:25', NULL, NULL, 1);
INSERT INTO `tbl_emp` VALUES ('10009494', 'Noemi Palmer', 'Noemi Palmer', '', 2, '1994-02-01', 1801, 'ID', '2023-03-27 08:51:25', NULL, NULL, 1);
INSERT INTO `tbl_emp` VALUES ('10009493', 'Donnell Matthews', 'Donnell Matthew', '', 2, '1994-01-31', 1771, 'ID', '2023-03-27 08:51:25', NULL, NULL, 1);
INSERT INTO `tbl_emp` VALUES ('10009492', 'Gustavo Walls', 'Gustavo Walls', '', 1, '1994-01-30', 1709, 'ID', '2023-03-27 08:51:25', NULL, NULL, 1);
INSERT INTO `tbl_emp` VALUES ('10009491', 'Bridget Foster', 'Bridget Foster', '', 1, '1994-01-29', 1708, 'ID', '2023-03-27 08:51:25', NULL, NULL, 1);
INSERT INTO `tbl_emp` VALUES ('10009490', 'Luigi Arroyo', 'Luigi Arroyo', '', 1, '1994-01-28', 1707, 'ID', '2023-03-27 08:51:25', NULL, NULL, 1);
INSERT INTO `tbl_emp` VALUES ('10009489', 'Carlene Valdez', 'Carlene Valdez', '', 1, '1994-01-27', 1706, 'ID', '2023-03-27 08:51:25', NULL, NULL, 1);
INSERT INTO `tbl_emp` VALUES ('10009488', 'Coleen Aguirre', 'Coleen Aguirre', '', 1, '1994-01-26', 1705, 'ID', '2023-03-27 08:51:25', NULL, NULL, 1);
INSERT INTO `tbl_emp` VALUES ('10009487', 'Sofia Ruiz', 'Sofia Ruiz', '', 2, '1994-01-25', 1704, 'ID', '2023-03-27 08:51:25', NULL, NULL, 1);
INSERT INTO `tbl_emp` VALUES ('10009486', 'Ted Shelton', 'Ted Shelton', '', 1, '1994-01-24', 1703, 'ID', '2023-03-27 08:51:25', NULL, NULL, 1);
INSERT INTO `tbl_emp` VALUES ('10009485', 'Rosario Ross', 'Rosario Ross', '', 2, '1994-01-23', 1702, 'ID', '2023-03-27 08:51:25', NULL, NULL, 1);
INSERT INTO `tbl_emp` VALUES ('10009484', 'Sheryl Graham', 'Sheryl Graham', '', 2, '1994-01-22', 1701, 'ID', '2023-03-27 08:51:25', NULL, NULL, 1);
INSERT INTO `tbl_emp` VALUES ('10009483', 'Chasity Glover', 'Chasity Glover', '', 1, '1994-01-21', 1674, 'ID', '2023-03-27 08:51:25', NULL, NULL, 1);
INSERT INTO `tbl_emp` VALUES ('10009482', 'Judy Mccann', 'Judy Mccann', '', 2, '1994-01-20', 1673, 'ID', '2023-03-27 08:51:25', NULL, NULL, 1);
INSERT INTO `tbl_emp` VALUES ('10009481', 'Herschel Stafford', 'Herschel Staffo', '', 2, '1994-01-19', 1672, 'ID', '2023-03-27 08:51:25', NULL, NULL, 1);
INSERT INTO `tbl_emp` VALUES ('10009480', 'Alissa Romero', 'Alissa Romero', '', 1, '1994-01-18', 1671, 'ID', '2023-03-27 08:51:25', NULL, NULL, 1);
INSERT INTO `tbl_emp` VALUES ('10009479', 'Erica Coffey', 'Erica Coffey', '', 2, '1994-01-17', 1613, 'ID', '2023-03-27 08:51:25', NULL, NULL, 1);
INSERT INTO `tbl_emp` VALUES ('10009478', 'Ned Gutierrez', 'Ned Gutierrez', '', 2, '1994-01-16', 1612, 'ID', '2023-03-27 08:51:25', NULL, NULL, 1);
INSERT INTO `tbl_emp` VALUES ('10009477', 'Andy Ware', 'Andy Ware', '', 1, '1994-01-15', 1611, 'ID', '2023-03-27 08:51:25', NULL, NULL, 1);
INSERT INTO `tbl_emp` VALUES ('10009476', 'Barton Hampton', 'Barton Hampton', '', 2, '1994-01-14', 1610, 'ID', '2023-03-27 08:51:25', NULL, NULL, 1);
INSERT INTO `tbl_emp` VALUES ('10009475', 'Denis Rosales', 'Denis Rosales', '', 2, '1994-01-13', 1609, 'ID', '2023-03-27 08:51:25', NULL, NULL, 1);
INSERT INTO `tbl_emp` VALUES ('10009474', 'Eugene Mullen', 'Eugene Mullen', '', 2, '1994-01-12', 1608, 'ID', '2023-03-27 08:51:25', NULL, NULL, 1);
INSERT INTO `tbl_emp` VALUES ('10009473', 'Spencer Whitehead', 'Spencer Whitehe', '', 2, '1994-01-11', 1607, 'ID', '2023-03-27 08:51:25', NULL, NULL, 1);
INSERT INTO `tbl_emp` VALUES ('10009472', 'Warner Howell', 'Warner Howell', '', 2, '1994-01-10', 1606, 'ID', '2023-03-27 08:51:25', NULL, NULL, 1);
INSERT INTO `tbl_emp` VALUES ('10009471', 'Catalina Lin', 'Catalina Lin', '', 1, '1994-01-09', 1605, 'ID', '2023-03-27 08:51:25', NULL, NULL, 1);
INSERT INTO `tbl_emp` VALUES ('10009470', 'Joshua Costa', 'Joshua Costa', '', 1, '1994-01-08', 1604, 'ID', '2023-03-27 08:51:25', NULL, NULL, 1);
INSERT INTO `tbl_emp` VALUES ('10009469', 'Brian Fuentes', 'Brian Fuentes', '', 2, '1994-01-07', 1603, 'ID', '2023-03-27 08:51:25', NULL, NULL, 1);
INSERT INTO `tbl_emp` VALUES ('10009468', 'Tanner Gentry', 'Tanner Gentry', '', 2, '1994-01-06', 1602, 'ID', '2023-03-27 08:51:25', NULL, NULL, 1);
INSERT INTO `tbl_emp` VALUES ('10009467', 'Andreas Acosta', 'Andreas Acosta', '', 2, '1994-01-05', 1601, 'ID', '2023-03-27 08:51:25', NULL, NULL, 1);
INSERT INTO `tbl_emp` VALUES ('10009466', 'Madeleine Pitts', 'Madeleine Pitts', '', 1, '1994-01-04', 1509, 'ID', '2023-03-27 08:51:25', NULL, NULL, 1);
INSERT INTO `tbl_emp` VALUES ('10009465', 'Jarred Proctor', 'Jarred Proctor', '', 2, '1994-01-03', 1508, 'ID', '2023-03-27 08:51:25', NULL, NULL, 1);
INSERT INTO `tbl_emp` VALUES ('10009464', 'Scottie Cowan', 'Scottie Cowan', '', 1, '1994-01-02', 1507, 'ID', '2023-03-27 08:51:25', NULL, NULL, 1);
INSERT INTO `tbl_emp` VALUES ('10009463', 'Wilfred Russo', 'Wilfred Russo', '', 2, '1994-01-01', 1506, 'ID', '2023-03-27 08:51:25', NULL, NULL, 1);
INSERT INTO `tbl_emp` VALUES ('10009462', 'Joan Campos', 'Joan Campos', '', 2, '1993-12-31', 1505, 'ID', '2023-03-27 08:51:25', NULL, NULL, 1);
INSERT INTO `tbl_emp` VALUES ('10009461', 'Susanna House', 'Susanna House', '', 1, '1993-12-30', 1504, 'ID', '2023-03-27 08:51:25', NULL, NULL, 1);
INSERT INTO `tbl_emp` VALUES ('10009460', 'Houston Mathis', 'Houston Mathis', '', 2, '1993-12-29', 1503, 'ID', '2023-03-27 08:51:25', NULL, NULL, 1);
INSERT INTO `tbl_emp` VALUES ('10009459', 'Dustin Patterson', 'Dustin Patterso', '', 2, '1993-12-28', 1502, 'ID', '2023-03-27 08:51:25', NULL, NULL, 1);
INSERT INTO `tbl_emp` VALUES ('10009458', 'Laura Velasquez', 'Laura Velasquez', '', 2, '1993-12-27', 1501, 'ID', '2023-03-27 08:51:25', NULL, NULL, 1);
INSERT INTO `tbl_emp` VALUES ('10009457', 'Marion Foster', 'Marion Foster', '', 2, '1993-12-26', 1473, 'ID', '2023-03-27 08:51:25', NULL, NULL, 1);
INSERT INTO `tbl_emp` VALUES ('10009456', 'Ron May', 'Ron May', '', 1, '1993-12-25', 1471, 'ID', '2023-03-27 08:51:25', NULL, NULL, 1);
INSERT INTO `tbl_emp` VALUES ('10009455', 'Maxine Holt', 'Maxine Holt', '', 2, '1993-12-24', 1410, 'ID', '2023-03-27 08:51:25', NULL, NULL, 1);
INSERT INTO `tbl_emp` VALUES ('10009454', 'Edwina Burgess', 'Edwina Burgess', '', 2, '1993-12-23', 1409, 'ID', '2023-03-27 08:51:25', NULL, NULL, 1);
INSERT INTO `tbl_emp` VALUES ('10009453', 'Kristofer Mullins', 'Kristofer Mulli', '', 1, '1993-12-22', 1408, 'ID', '2023-03-27 08:51:25', NULL, NULL, 1);
INSERT INTO `tbl_emp` VALUES ('10009452', 'German Garza', 'German Garza', '', 1, '1993-12-21', 1407, 'ID', '2023-03-27 08:51:25', NULL, NULL, 1);
INSERT INTO `tbl_emp` VALUES ('10009451', 'Rodger Reed', 'Rodger Reed', '', 2, '1993-12-20', 1406, 'ID', '2023-03-27 08:51:25', NULL, NULL, 1);
INSERT INTO `tbl_emp` VALUES ('10009450', 'Kyle Murillo', 'Kyle Murillo', '', 2, '1993-12-19', 1405, 'ID', '2023-03-27 08:51:25', NULL, NULL, 1);
INSERT INTO `tbl_emp` VALUES ('10009449', 'Tyron Calderon', 'Tyron Calderon', '', 2, '1993-12-18', 1404, 'ID', '2023-03-27 08:51:25', NULL, NULL, 1);
INSERT INTO `tbl_emp` VALUES ('10009448', 'Elvin Ibarra', 'Elvin Ibarra', '', 1, '1993-12-17', 1403, 'ID', '2023-03-27 08:51:25', NULL, NULL, 1);
INSERT INTO `tbl_emp` VALUES ('10009447', 'Warren Hoffman', 'Warren Hoffman', '', 2, '1993-12-16', 1402, 'ID', '2023-03-27 08:51:25', NULL, NULL, 1);
INSERT INTO `tbl_emp` VALUES ('10009446', 'Cecilia Buckley', 'Cecilia Buckley', '', 2, '1993-12-15', 1401, 'ID', '2023-03-27 08:51:25', NULL, NULL, 1);
INSERT INTO `tbl_emp` VALUES ('10009445', 'Wilmer Chan', 'Wilmer Chan', '', 1, '1993-12-14', 1377, 'ID', '2023-03-27 08:51:25', NULL, NULL, 1);
INSERT INTO `tbl_emp` VALUES ('10009444', 'Gary Walter', 'Gary Walter', '', 2, '1993-12-13', 1376, 'ID', '2023-03-27 08:51:25', NULL, NULL, 1);
INSERT INTO `tbl_emp` VALUES ('10009443', 'Guy Santos', 'Guy Santos', '', 2, '1993-12-12', 1375, 'ID', '2023-03-27 08:51:25', NULL, NULL, 1);
INSERT INTO `tbl_emp` VALUES ('10009442', 'Boris Salas', 'Boris Salas', '', 1, '1993-12-11', 1374, 'ID', '2023-03-27 08:51:25', NULL, NULL, 1);
INSERT INTO `tbl_emp` VALUES ('10009441', 'Pauline Merritt', 'Pauline Merritt', '', 2, '1993-12-10', 1373, 'ID', '2023-03-27 08:51:25', NULL, NULL, 1);
INSERT INTO `tbl_emp` VALUES ('10009440', 'Hyman Oneal', 'Hyman Oneal', '', 2, '1993-12-09', 1372, 'ID', '2023-03-27 08:51:25', NULL, NULL, 1);
INSERT INTO `tbl_emp` VALUES ('10009439', 'Reinaldo Haynes', 'Reinaldo Haynes', '', 1, '1993-12-08', 1371, 'ID', '2023-03-27 08:51:25', NULL, NULL, 1);
INSERT INTO `tbl_emp` VALUES ('10009438', 'Oliver Banks', 'Oliver Banks', '', 1, '1993-12-07', 1312, 'ID', '2023-03-27 08:51:25', NULL, NULL, 1);
INSERT INTO `tbl_emp` VALUES ('10009437', 'Adolph Guerra', 'Adolph Guerra', '', 1, '1993-12-06', 1311, 'ID', '2023-03-27 08:51:25', NULL, NULL, 1);
INSERT INTO `tbl_emp` VALUES ('10009436', 'Haley Knapp', 'Haley Knapp', '', 1, '1993-12-05', 1310, 'ID', '2023-03-27 08:51:25', NULL, NULL, 1);
INSERT INTO `tbl_emp` VALUES ('10009435', 'Francisco Bender', 'Francisco Bende', '', 1, '1993-12-04', 1309, 'ID', '2023-03-27 08:51:25', NULL, NULL, 1);
INSERT INTO `tbl_emp` VALUES ('10009434', 'Nettie Li', 'Nettie Li', '', 2, '1993-12-03', 1308, 'ID', '2023-03-27 08:51:25', NULL, NULL, 1);
INSERT INTO `tbl_emp` VALUES ('10009433', 'Taylor Livingston', 'Taylor Livingst', '', 2, '1993-12-02', 1307, 'ID', '2023-03-27 08:51:25', NULL, NULL, 1);
INSERT INTO `tbl_emp` VALUES ('10009432', 'Anne Dudley', 'Anne Dudley', '', 2, '1993-12-01', 1306, 'ID', '2023-03-27 08:51:25', NULL, NULL, 1);
INSERT INTO `tbl_emp` VALUES ('10009431', 'Mariana Mcneil', 'Mariana Mcneil', '', 1, '1993-11-30', 1305, 'ID', '2023-03-27 08:51:25', NULL, NULL, 1);
INSERT INTO `tbl_emp` VALUES ('10009430', 'Stacey Daugherty', 'Stacey Daughert', '', 1, '1993-11-29', 1304, 'ID', '2023-03-27 08:51:25', NULL, NULL, 1);
INSERT INTO `tbl_emp` VALUES ('10009429', 'Bonita Reese', 'Bonita Reese', '', 1, '1993-11-28', 1303, 'ID', '2023-03-27 08:51:25', NULL, NULL, 1);
INSERT INTO `tbl_emp` VALUES ('10009428', 'Marvin Howe', 'Marvin Howe', '', 1, '1993-11-27', 1302, 'ID', '2023-03-27 08:51:25', NULL, NULL, 1);
INSERT INTO `tbl_emp` VALUES ('10009427', 'Janna Frost', 'Janna Frost', '', 2, '1993-11-26', 1301, 'ID', '2023-03-27 08:51:25', NULL, NULL, 1);
INSERT INTO `tbl_emp` VALUES ('10009426', 'Mari Hensley', 'Mari Hensley', '', 2, '1993-11-25', 1278, 'ID', '2023-03-27 08:51:25', NULL, NULL, 1);
INSERT INTO `tbl_emp` VALUES ('10009425', 'Jim Huerta', 'Jim Huerta', '', 1, '1993-11-24', 1277, 'ID', '2023-03-27 08:51:25', NULL, NULL, 1);
INSERT INTO `tbl_emp` VALUES ('10009424', 'Nathanial Cannon', 'Nathanial Canno', '', 1, '1993-11-23', 1276, 'ID', '2023-03-27 08:51:25', NULL, NULL, 1);
INSERT INTO `tbl_emp` VALUES ('10009423', 'Dario Murray', 'Dario Murray', '', 1, '1993-11-22', 1275, 'ID', '2023-03-27 08:51:25', NULL, NULL, 1);
INSERT INTO `tbl_emp` VALUES ('10009422', 'Alden Doyle', 'Alden Doyle', '', 1, '1993-11-21', 1274, 'ID', '2023-03-27 08:51:25', NULL, NULL, 1);
INSERT INTO `tbl_emp` VALUES ('10009421', 'Dena Yu', 'Dena Yu', '', 2, '1993-11-20', 1273, 'ID', '2023-03-27 08:51:25', NULL, NULL, 1);
INSERT INTO `tbl_emp` VALUES ('10009420', 'Robert Landry', 'Robert Landry', '', 2, '1993-11-19', 1272, 'ID', '2023-03-27 08:51:25', NULL, NULL, 1);
INSERT INTO `tbl_emp` VALUES ('10009419', 'Tod Reeves', 'Tod Reeves', '', 2, '1993-11-18', 1271, 'ID', '2023-03-27 08:51:25', NULL, NULL, 1);
INSERT INTO `tbl_emp` VALUES ('10009418', 'Claude Powers', 'Claude Powers', '', 1, '1993-11-17', 1225, 'ID', '2023-03-27 08:51:25', NULL, NULL, 1);
INSERT INTO `tbl_emp` VALUES ('10009417', 'Kay Cox', 'Kay Cox', '', 1, '1993-11-16', 1224, 'ID', '2023-03-27 08:51:25', NULL, NULL, 1);
INSERT INTO `tbl_emp` VALUES ('10009416', 'Reyna Kerr', 'Reyna Kerr', '', 2, '1993-11-15', 1223, 'ID', '2023-03-27 08:51:25', NULL, NULL, 1);
INSERT INTO `tbl_emp` VALUES ('10009415', 'Warren Miles', 'Warren Miles', '', 2, '1993-11-14', 1222, 'ID', '2023-03-27 08:51:25', NULL, NULL, 1);
INSERT INTO `tbl_emp` VALUES ('10009414', 'Pat Spence', 'Pat Spence', '', 1, '1993-11-13', 1221, 'ID', '2023-03-27 08:51:25', NULL, NULL, 1);
INSERT INTO `tbl_emp` VALUES ('10009413', 'Terrie Burnett', 'Terrie Burnett', '', 1, '1993-11-12', 1220, 'ID', '2023-03-27 08:51:25', NULL, NULL, 1);
INSERT INTO `tbl_emp` VALUES ('10009412', 'Amalia Chapman', 'Amalia Chapman', '', 1, '1993-11-11', 1219, 'ID', '2023-03-27 08:51:25', NULL, NULL, 1);
INSERT INTO `tbl_emp` VALUES ('10009411', 'Andre Pham', 'Andre Pham', '', 2, '1993-11-10', 1218, 'ID', '2023-03-27 08:51:25', NULL, NULL, 1);
INSERT INTO `tbl_emp` VALUES ('10009410', 'Freeman Conner', 'Freeman Conner', '', 1, '1993-11-09', 1217, 'ID', '2023-03-27 08:51:25', NULL, NULL, 1);
INSERT INTO `tbl_emp` VALUES ('10009409', 'Stephen Vazquez', 'Stephen Vazquez', '', 1, '1993-11-08', 1216, 'ID', '2023-03-27 08:51:25', NULL, NULL, 1);
INSERT INTO `tbl_emp` VALUES ('10009408', 'Eunice Decker', 'Eunice Decker', '', 2, '1993-11-07', 1215, 'ID', '2023-03-27 08:51:25', NULL, NULL, 1);
INSERT INTO `tbl_emp` VALUES ('10009407', 'Katelyn Potter', 'Katelyn Potter', '', 2, '1993-11-06', 1214, 'ID', '2023-03-27 08:51:25', NULL, NULL, 1);
INSERT INTO `tbl_emp` VALUES ('10009406', 'Roxie Murray', 'Roxie Murray', '', 1, '1993-11-05', 1213, 'ID', '2023-03-27 08:51:25', NULL, NULL, 1);
INSERT INTO `tbl_emp` VALUES ('10009405', 'Edgardo Banks', 'Edgardo Banks', '', 2, '1993-11-04', 1212, 'ID', '2023-03-27 08:51:25', NULL, NULL, 1);
INSERT INTO `tbl_emp` VALUES ('10009404', 'Edwina Hancock', 'Edwina Hancock', '', 1, '1993-11-03', 1211, 'ID', '2023-03-27 08:51:25', NULL, NULL, 1);
INSERT INTO `tbl_emp` VALUES ('10009403', 'Mikel Hodge', 'Mikel Hodge', '', 2, '1993-11-02', 1210, 'ID', '2023-03-27 08:51:25', NULL, NULL, 1);
INSERT INTO `tbl_emp` VALUES ('10009402', 'Amie Moon', 'Amie Moon', '', 2, '1993-11-01', 1209, 'ID', '2023-03-27 08:51:25', NULL, NULL, 1);
INSERT INTO `tbl_emp` VALUES ('10009401', 'Fredric Silva', 'Fredric Silva', '', 1, '1993-10-31', 1208, 'ID', '2023-03-27 08:51:25', NULL, NULL, 1);
INSERT INTO `tbl_emp` VALUES ('10009400', 'Denny Potts', 'Denny Potts', '', 2, '1993-10-30', 1207, 'ID', '2023-03-27 08:51:25', NULL, NULL, 1);
INSERT INTO `tbl_emp` VALUES ('10009399', 'Daisy Shea', 'Daisy Shea', '', 1, '1993-10-29', 1206, 'ID', '2023-03-27 08:51:25', NULL, NULL, 1);
INSERT INTO `tbl_emp` VALUES ('10009398', 'Jayne Bolton', 'Jayne Bolton', '', 2, '1993-10-28', 1205, 'ID', '2023-03-27 08:51:25', NULL, NULL, 1);
INSERT INTO `tbl_emp` VALUES ('10009397', 'Maricela Gillespie', 'Maricela Gilles', '', 2, '1993-10-27', 1204, 'ID', '2023-03-27 08:51:25', NULL, NULL, 1);
INSERT INTO `tbl_emp` VALUES ('10009396', 'Garland Case', 'Garland Case', '', 1, '1993-10-26', 1203, 'ID', '2023-03-27 08:51:25', NULL, NULL, 1);
INSERT INTO `tbl_emp` VALUES ('10009395', 'Floyd Bowen', 'Floyd Bowen', '', 2, '1993-10-25', 1202, 'ID', '2023-03-27 08:51:25', NULL, NULL, 1);
INSERT INTO `tbl_emp` VALUES ('10009394', 'Henry Peters', 'Henry Peters', '', 2, '1993-10-24', 1201, 'ID', '2023-03-27 08:51:25', NULL, NULL, 1);
INSERT INTO `tbl_emp` VALUES ('10009393', 'Collin Rowe', 'Collin Rowe', '', 2, '1993-10-23', 1175, 'ID', '2023-03-27 08:51:25', NULL, NULL, 1);
INSERT INTO `tbl_emp` VALUES ('10009392', 'Valeria Oneal', 'Valeria Oneal', '', 1, '1993-10-22', 1174, 'ID', '2023-03-27 08:51:25', NULL, NULL, 1);
INSERT INTO `tbl_emp` VALUES ('10009391', 'Arturo Lindsey', 'Arturo Lindsey', '', 1, '1993-10-21', 1173, 'ID', '2023-03-27 08:51:25', NULL, NULL, 1);
INSERT INTO `tbl_emp` VALUES ('10009390', 'Ben Velez', 'Ben Velez', '', 1, '1993-10-20', 1172, 'ID', '2023-03-27 08:51:25', NULL, NULL, 1);
INSERT INTO `tbl_emp` VALUES ('10009389', 'Brenda Guerrero', 'Brenda Guerrero', '', 1, '1993-10-19', 1171, 'ID', '2023-03-27 08:51:25', NULL, NULL, 1);
INSERT INTO `tbl_emp` VALUES ('10009388', 'Pearl Sullivan', 'Pearl Sullivan', '', 2, '1993-10-18', 1118, 'ID', '2023-03-27 08:51:25', NULL, NULL, 1);
INSERT INTO `tbl_emp` VALUES ('10009387', 'Jaime Cameron', 'Jaime Cameron', '', 1, '1993-10-17', 1117, 'ID', '2023-03-27 08:51:25', NULL, NULL, 1);
INSERT INTO `tbl_emp` VALUES ('10009386', 'Cecile Orr', 'Cecile Orr', '', 2, '1993-10-16', 1116, 'ID', '2023-03-27 08:51:25', NULL, NULL, 1);
INSERT INTO `tbl_emp` VALUES ('10009385', 'Natalia Sellers', 'Natalia Sellers', '', 2, '1993-10-15', 1115, 'ID', '2023-03-27 08:51:25', NULL, NULL, 1);
INSERT INTO `tbl_emp` VALUES ('10009384', 'Lazaro Gilbert', 'Lazaro Gilbert', '', 1, '1993-10-14', 1114, 'ID', '2023-03-27 08:51:25', NULL, NULL, 1);
INSERT INTO `tbl_emp` VALUES ('10009383', 'Juliet Meadows', 'Juliet Meadows', '', 2, '1993-10-13', 1113, 'ID', '2023-03-27 08:51:25', NULL, NULL, 1);
INSERT INTO `tbl_emp` VALUES ('10009382', 'Jewel Martin', 'Jewel Martin', '', 1, '1993-10-12', 1112, 'ID', '2023-03-27 08:51:25', NULL, NULL, 1);
INSERT INTO `tbl_emp` VALUES ('10009381', 'Jannie Schneider', 'Jannie Schneide', '', 2, '1993-10-11', 1111, 'ID', '2023-03-27 08:51:25', NULL, NULL, 1);
INSERT INTO `tbl_emp` VALUES ('10009380', 'Lupe Delacruz', 'Lupe Delacruz', '', 2, '1993-10-10', 1110, 'ID', '2023-03-27 08:51:25', NULL, NULL, 1);
INSERT INTO `tbl_emp` VALUES ('10009379', 'Marquita Neal', 'Marquita Neal', '', 1, '1993-10-09', 1109, 'ID', '2023-03-27 08:51:25', NULL, NULL, 1);
INSERT INTO `tbl_emp` VALUES ('10009378', 'Berta Miranda', 'Berta Miranda', '', 1, '1993-10-08', 1108, 'ID', '2023-03-27 08:51:25', NULL, NULL, 1);
INSERT INTO `tbl_emp` VALUES ('10009377', 'Anita Lang', 'Anita Lang', '', 2, '1993-10-07', 1107, 'ID', '2023-03-27 08:51:25', NULL, NULL, 1);
INSERT INTO `tbl_emp` VALUES ('10009376', 'Gloria Fernandez', 'Gloria Fernande', '', 2, '1993-10-06', 1106, 'ID', '2023-03-27 08:51:25', NULL, NULL, 1);
INSERT INTO `tbl_emp` VALUES ('10009375', 'Jasper Dyer', 'Jasper Dyer', '', 2, '1993-10-05', 1105, 'ID', '2023-03-27 08:51:25', NULL, NULL, 1);
INSERT INTO `tbl_emp` VALUES ('10009374', 'Sallie Weeks', 'Sallie Weeks', '', 1, '1993-10-04', 1104, 'ID', '2023-03-27 08:51:25', NULL, NULL, 1);
INSERT INTO `tbl_emp` VALUES ('10009373', 'Francis Castillo', 'Francis Castill', '', 2, '1993-10-03', 1103, 'ID', '2023-03-27 08:51:25', NULL, NULL, 1);
INSERT INTO `tbl_emp` VALUES ('10009372', 'Mia Hayden', 'Mia Hayden', '', 1, '1993-10-02', 1102, 'ID', '2023-03-27 08:51:25', NULL, NULL, 1);
INSERT INTO `tbl_emp` VALUES ('10009371', 'Misty Alvarez', 'Misty Alvarez', '', 2, '1993-10-01', 1101, 'ID', '2023-03-27 08:51:25', NULL, NULL, 1);

-- ----------------------------
-- Table structure for tbl_login
-- ----------------------------
DROP TABLE IF EXISTS `tbl_login`;
CREATE TABLE `tbl_login`  (
  `id_login` int(11) NOT NULL AUTO_INCREMENT,
  `username` varchar(255) CHARACTER SET utf8 COLLATE utf8_general_ci NULL DEFAULT NULL,
  `password` varchar(255) CHARACTER SET utf8 COLLATE utf8_general_ci NULL DEFAULT NULL,
  `email` varchar(255) CHARACTER SET utf8 COLLATE utf8_general_ci NULL DEFAULT NULL,
  `fullname` varchar(255) CHARACTER SET utf8 COLLATE utf8_general_ci NULL DEFAULT NULL,
  `user_type` int(11) NULL DEFAULT NULL,
  `input_date` datetime(0) NULL DEFAULT NULL,
  `update_date` datetime(0) NULL DEFAULT NULL,
  `flag` int(11) NULL DEFAULT 1,
  PRIMARY KEY (`id_login`) USING BTREE
) ENGINE = InnoDB AUTO_INCREMENT = 167 CHARACTER SET = utf8 COLLATE = utf8_general_ci ROW_FORMAT = Dynamic;

-- ----------------------------
-- Records of tbl_login
-- ----------------------------
INSERT INTO `tbl_login` VALUES (1, 'taufiq', 'fe703d258c7ef5f50b71e06565a65aa07194907f', 'taufiq@gmail.com', 'taufiqnugraha', 1, '2022-09-01 14:46:59', '2023-03-26 01:49:12', 1);
INSERT INTO `tbl_login` VALUES (4, 'test1', 'fe703d258c7ef5f50b71e06565a65aa07194907f', 'kasir.1@gmail.com', 'test1', 2, '2022-09-04 14:10:25', '2022-09-04 02:50:43', 1);
INSERT INTO `tbl_login` VALUES (5, 'test2', 'fe703d258c7ef5f50b71e06565a65aa07194907f', 'admin.stock1@gmail.com', 'test2', 3, '2022-09-04 14:14:30', NULL, 1);
INSERT INTO `tbl_login` VALUES (6, 'test3', 'fe703d258c7ef5f50b71e06565a65aa07194907f', 'kasir2@gmail.com', 'test3', 2, '2022-09-04 14:20:12', '2022-09-04 03:31:33', 1);
INSERT INTO `tbl_login` VALUES (7, '10009371', '4211bbf932d6c460f6e28cd03c26a2241a5260b7', '10009371@gmail.com', 'Misty Alvarez', 2, '2023-03-27 08:51:25', NULL, 1);
INSERT INTO `tbl_login` VALUES (8, '10009372', '4211bbf932d6c460f6e28cd03c26a2241a5260b7', '10009372@gmail.com', 'Mia Hayden', 2, '2023-03-27 08:51:25', NULL, 1);
INSERT INTO `tbl_login` VALUES (9, '10009373', '4211bbf932d6c460f6e28cd03c26a2241a5260b7', '10009373@gmail.com', 'Francis Castillo', 2, '2023-03-27 08:51:25', NULL, 1);
INSERT INTO `tbl_login` VALUES (10, '10009374', '4211bbf932d6c460f6e28cd03c26a2241a5260b7', '10009374@gmail.com', 'Sallie Weeks', 2, '2023-03-27 08:51:25', NULL, 1);
INSERT INTO `tbl_login` VALUES (11, '10009375', '4211bbf932d6c460f6e28cd03c26a2241a5260b7', '10009375@gmail.com', 'Jasper Dyer', 2, '2023-03-27 08:51:25', NULL, 1);
INSERT INTO `tbl_login` VALUES (12, '10009376', '4211bbf932d6c460f6e28cd03c26a2241a5260b7', '10009376@gmail.com', 'Gloria Fernandez', 2, '2023-03-27 08:51:25', NULL, 1);
INSERT INTO `tbl_login` VALUES (13, '10009377', '4211bbf932d6c460f6e28cd03c26a2241a5260b7', '10009377@gmail.com', 'Anita Lang', 2, '2023-03-27 08:51:25', NULL, 1);
INSERT INTO `tbl_login` VALUES (14, '10009378', '4211bbf932d6c460f6e28cd03c26a2241a5260b7', '10009378@gmail.com', 'Berta Miranda', 2, '2023-03-27 08:51:25', NULL, 1);
INSERT INTO `tbl_login` VALUES (15, '10009379', '4211bbf932d6c460f6e28cd03c26a2241a5260b7', '10009379@gmail.com', 'Marquita Neal', 2, '2023-03-27 08:51:25', NULL, 1);
INSERT INTO `tbl_login` VALUES (16, '10009380', '4211bbf932d6c460f6e28cd03c26a2241a5260b7', '10009380@gmail.com', 'Lupe Delacruz', 2, '2023-03-27 08:51:25', NULL, 1);
INSERT INTO `tbl_login` VALUES (17, '10009381', '4211bbf932d6c460f6e28cd03c26a2241a5260b7', '10009381@gmail.com', 'Jannie Schneider', 2, '2023-03-27 08:51:25', NULL, 1);
INSERT INTO `tbl_login` VALUES (18, '10009382', '4211bbf932d6c460f6e28cd03c26a2241a5260b7', '10009382@gmail.com', 'Jewel Martin', 2, '2023-03-27 08:51:25', NULL, 1);
INSERT INTO `tbl_login` VALUES (19, '10009383', '4211bbf932d6c460f6e28cd03c26a2241a5260b7', '10009383@gmail.com', 'Juliet Meadows', 2, '2023-03-27 08:51:25', NULL, 1);
INSERT INTO `tbl_login` VALUES (20, '10009384', '4211bbf932d6c460f6e28cd03c26a2241a5260b7', '10009384@gmail.com', 'Lazaro Gilbert', 2, '2023-03-27 08:51:25', NULL, 1);
INSERT INTO `tbl_login` VALUES (21, '10009385', '4211bbf932d6c460f6e28cd03c26a2241a5260b7', '10009385@gmail.com', 'Natalia Sellers', 2, '2023-03-27 08:51:25', NULL, 1);
INSERT INTO `tbl_login` VALUES (22, '10009386', '4211bbf932d6c460f6e28cd03c26a2241a5260b7', '10009386@gmail.com', 'Cecile Orr', 2, '2023-03-27 08:51:25', NULL, 1);
INSERT INTO `tbl_login` VALUES (23, '10009387', '4211bbf932d6c460f6e28cd03c26a2241a5260b7', '10009387@gmail.com', 'Jaime Cameron', 2, '2023-03-27 08:51:25', NULL, 1);
INSERT INTO `tbl_login` VALUES (24, '10009388', '4211bbf932d6c460f6e28cd03c26a2241a5260b7', '10009388@gmail.com', 'Pearl Sullivan', 2, '2023-03-27 08:51:25', NULL, 1);
INSERT INTO `tbl_login` VALUES (25, '10009389', '4211bbf932d6c460f6e28cd03c26a2241a5260b7', '10009389@gmail.com', 'Brenda Guerrero', 2, '2023-03-27 08:51:25', NULL, 1);
INSERT INTO `tbl_login` VALUES (26, '10009390', '4211bbf932d6c460f6e28cd03c26a2241a5260b7', '10009390@gmail.com', 'Ben Velez', 2, '2023-03-27 08:51:25', NULL, 1);
INSERT INTO `tbl_login` VALUES (27, '10009391', '4211bbf932d6c460f6e28cd03c26a2241a5260b7', '10009391@gmail.com', 'Arturo Lindsey', 2, '2023-03-27 08:51:25', NULL, 1);
INSERT INTO `tbl_login` VALUES (28, '10009392', '4211bbf932d6c460f6e28cd03c26a2241a5260b7', '10009392@gmail.com', 'Valeria Oneal', 2, '2023-03-27 08:51:25', NULL, 1);
INSERT INTO `tbl_login` VALUES (29, '10009393', '4211bbf932d6c460f6e28cd03c26a2241a5260b7', '10009393@gmail.com', 'Collin Rowe', 2, '2023-03-27 08:51:25', NULL, 1);
INSERT INTO `tbl_login` VALUES (30, '10009394', '4211bbf932d6c460f6e28cd03c26a2241a5260b7', '10009394@gmail.com', 'Henry Peters', 2, '2023-03-27 08:51:25', NULL, 1);
INSERT INTO `tbl_login` VALUES (31, '10009395', '4211bbf932d6c460f6e28cd03c26a2241a5260b7', '10009395@gmail.com', 'Floyd Bowen', 2, '2023-03-27 08:51:25', NULL, 1);
INSERT INTO `tbl_login` VALUES (32, '10009396', '4211bbf932d6c460f6e28cd03c26a2241a5260b7', '10009396@gmail.com', 'Garland Case', 2, '2023-03-27 08:51:25', NULL, 1);
INSERT INTO `tbl_login` VALUES (33, '10009397', '4211bbf932d6c460f6e28cd03c26a2241a5260b7', '10009397@gmail.com', 'Maricela Gillespie', 2, '2023-03-27 08:51:25', NULL, 1);
INSERT INTO `tbl_login` VALUES (34, '10009398', '4211bbf932d6c460f6e28cd03c26a2241a5260b7', '10009398@gmail.com', 'Jayne Bolton', 2, '2023-03-27 08:51:25', NULL, 1);
INSERT INTO `tbl_login` VALUES (35, '10009399', '4211bbf932d6c460f6e28cd03c26a2241a5260b7', '10009399@gmail.com', 'Daisy Shea', 2, '2023-03-27 08:51:25', NULL, 1);
INSERT INTO `tbl_login` VALUES (36, '10009400', '4211bbf932d6c460f6e28cd03c26a2241a5260b7', '10009400@gmail.com', 'Denny Potts', 2, '2023-03-27 08:51:25', NULL, 1);
INSERT INTO `tbl_login` VALUES (37, '10009401', '4211bbf932d6c460f6e28cd03c26a2241a5260b7', '10009401@gmail.com', 'Fredric Silva', 2, '2023-03-27 08:51:25', NULL, 1);
INSERT INTO `tbl_login` VALUES (38, '10009402', '4211bbf932d6c460f6e28cd03c26a2241a5260b7', '10009402@gmail.com', 'Amie Moon', 2, '2023-03-27 08:51:25', NULL, 1);
INSERT INTO `tbl_login` VALUES (39, '10009403', '4211bbf932d6c460f6e28cd03c26a2241a5260b7', '10009403@gmail.com', 'Mikel Hodge', 2, '2023-03-27 08:51:25', NULL, 1);
INSERT INTO `tbl_login` VALUES (40, '10009404', '4211bbf932d6c460f6e28cd03c26a2241a5260b7', '10009404@gmail.com', 'Edwina Hancock', 2, '2023-03-27 08:51:25', NULL, 1);
INSERT INTO `tbl_login` VALUES (41, '10009405', '4211bbf932d6c460f6e28cd03c26a2241a5260b7', '10009405@gmail.com', 'Edgardo Banks', 2, '2023-03-27 08:51:25', NULL, 1);
INSERT INTO `tbl_login` VALUES (42, '10009406', '4211bbf932d6c460f6e28cd03c26a2241a5260b7', '10009406@gmail.com', 'Roxie Murray', 2, '2023-03-27 08:51:25', NULL, 1);
INSERT INTO `tbl_login` VALUES (43, '10009407', '4211bbf932d6c460f6e28cd03c26a2241a5260b7', '10009407@gmail.com', 'Katelyn Potter', 2, '2023-03-27 08:51:25', NULL, 1);
INSERT INTO `tbl_login` VALUES (44, '10009408', '4211bbf932d6c460f6e28cd03c26a2241a5260b7', '10009408@gmail.com', 'Eunice Decker', 2, '2023-03-27 08:51:25', NULL, 1);
INSERT INTO `tbl_login` VALUES (45, '10009409', '4211bbf932d6c460f6e28cd03c26a2241a5260b7', '10009409@gmail.com', 'Stephen Vazquez', 2, '2023-03-27 08:51:25', NULL, 1);
INSERT INTO `tbl_login` VALUES (46, '10009410', '4211bbf932d6c460f6e28cd03c26a2241a5260b7', '10009410@gmail.com', 'Freeman Conner', 2, '2023-03-27 08:51:25', NULL, 1);
INSERT INTO `tbl_login` VALUES (47, '10009411', '4211bbf932d6c460f6e28cd03c26a2241a5260b7', '10009411@gmail.com', 'Andre Pham', 2, '2023-03-27 08:51:25', NULL, 1);
INSERT INTO `tbl_login` VALUES (48, '10009412', '4211bbf932d6c460f6e28cd03c26a2241a5260b7', '10009412@gmail.com', 'Amalia Chapman', 2, '2023-03-27 08:51:25', NULL, 1);
INSERT INTO `tbl_login` VALUES (49, '10009413', '4211bbf932d6c460f6e28cd03c26a2241a5260b7', '10009413@gmail.com', 'Terrie Burnett', 2, '2023-03-27 08:51:25', NULL, 1);
INSERT INTO `tbl_login` VALUES (50, '10009414', '4211bbf932d6c460f6e28cd03c26a2241a5260b7', '10009414@gmail.com', 'Pat Spence', 2, '2023-03-27 08:51:25', NULL, 1);
INSERT INTO `tbl_login` VALUES (51, '10009415', '4211bbf932d6c460f6e28cd03c26a2241a5260b7', '10009415@gmail.com', 'Warren Miles', 2, '2023-03-27 08:51:25', NULL, 1);
INSERT INTO `tbl_login` VALUES (52, '10009416', '4211bbf932d6c460f6e28cd03c26a2241a5260b7', '10009416@gmail.com', 'Reyna Kerr', 2, '2023-03-27 08:51:25', NULL, 1);
INSERT INTO `tbl_login` VALUES (53, '10009417', '4211bbf932d6c460f6e28cd03c26a2241a5260b7', '10009417@gmail.com', 'Kay Cox', 2, '2023-03-27 08:51:25', NULL, 1);
INSERT INTO `tbl_login` VALUES (54, '10009418', '4211bbf932d6c460f6e28cd03c26a2241a5260b7', '10009418@gmail.com', 'Claude Powers', 2, '2023-03-27 08:51:25', NULL, 1);
INSERT INTO `tbl_login` VALUES (55, '10009419', '4211bbf932d6c460f6e28cd03c26a2241a5260b7', '10009419@gmail.com', 'Tod Reeves', 2, '2023-03-27 08:51:25', NULL, 1);
INSERT INTO `tbl_login` VALUES (56, '10009420', '4211bbf932d6c460f6e28cd03c26a2241a5260b7', '10009420@gmail.com', 'Robert Landry', 2, '2023-03-27 08:51:25', NULL, 1);
INSERT INTO `tbl_login` VALUES (57, '10009421', '4211bbf932d6c460f6e28cd03c26a2241a5260b7', '10009421@gmail.com', 'Dena Yu', 2, '2023-03-27 08:51:25', NULL, 1);
INSERT INTO `tbl_login` VALUES (58, '10009422', '4211bbf932d6c460f6e28cd03c26a2241a5260b7', '10009422@gmail.com', 'Alden Doyle', 2, '2023-03-27 08:51:25', NULL, 1);
INSERT INTO `tbl_login` VALUES (59, '10009423', '4211bbf932d6c460f6e28cd03c26a2241a5260b7', '10009423@gmail.com', 'Dario Murray', 2, '2023-03-27 08:51:25', NULL, 1);
INSERT INTO `tbl_login` VALUES (60, '10009424', '4211bbf932d6c460f6e28cd03c26a2241a5260b7', '10009424@gmail.com', 'Nathanial Cannon', 2, '2023-03-27 08:51:25', NULL, 1);
INSERT INTO `tbl_login` VALUES (61, '10009425', '4211bbf932d6c460f6e28cd03c26a2241a5260b7', '10009425@gmail.com', 'Jim Huerta', 2, '2023-03-27 08:51:25', NULL, 1);
INSERT INTO `tbl_login` VALUES (62, '10009426', '4211bbf932d6c460f6e28cd03c26a2241a5260b7', '10009426@gmail.com', 'Mari Hensley', 2, '2023-03-27 08:51:25', NULL, 1);
INSERT INTO `tbl_login` VALUES (63, '10009427', '4211bbf932d6c460f6e28cd03c26a2241a5260b7', '10009427@gmail.com', 'Janna Frost', 2, '2023-03-27 08:51:25', NULL, 1);
INSERT INTO `tbl_login` VALUES (64, '10009428', '4211bbf932d6c460f6e28cd03c26a2241a5260b7', '10009428@gmail.com', 'Marvin Howe', 2, '2023-03-27 08:51:25', NULL, 1);
INSERT INTO `tbl_login` VALUES (65, '10009429', '4211bbf932d6c460f6e28cd03c26a2241a5260b7', '10009429@gmail.com', 'Bonita Reese', 2, '2023-03-27 08:51:25', NULL, 1);
INSERT INTO `tbl_login` VALUES (66, '10009430', '4211bbf932d6c460f6e28cd03c26a2241a5260b7', '10009430@gmail.com', 'Stacey Daugherty', 2, '2023-03-27 08:51:25', NULL, 1);
INSERT INTO `tbl_login` VALUES (67, '10009431', '4211bbf932d6c460f6e28cd03c26a2241a5260b7', '10009431@gmail.com', 'Mariana Mcneil', 2, '2023-03-27 08:51:25', NULL, 1);
INSERT INTO `tbl_login` VALUES (68, '10009432', '4211bbf932d6c460f6e28cd03c26a2241a5260b7', '10009432@gmail.com', 'Anne Dudley', 2, '2023-03-27 08:51:25', NULL, 1);
INSERT INTO `tbl_login` VALUES (69, '10009433', '4211bbf932d6c460f6e28cd03c26a2241a5260b7', '10009433@gmail.com', 'Taylor Livingston', 2, '2023-03-27 08:51:25', NULL, 1);
INSERT INTO `tbl_login` VALUES (70, '10009434', '4211bbf932d6c460f6e28cd03c26a2241a5260b7', '10009434@gmail.com', 'Nettie Li', 2, '2023-03-27 08:51:25', NULL, 1);
INSERT INTO `tbl_login` VALUES (71, '10009435', '4211bbf932d6c460f6e28cd03c26a2241a5260b7', '10009435@gmail.com', 'Francisco Bender', 2, '2023-03-27 08:51:25', NULL, 1);
INSERT INTO `tbl_login` VALUES (72, '10009436', '4211bbf932d6c460f6e28cd03c26a2241a5260b7', '10009436@gmail.com', 'Haley Knapp', 2, '2023-03-27 08:51:25', NULL, 1);
INSERT INTO `tbl_login` VALUES (73, '10009437', '4211bbf932d6c460f6e28cd03c26a2241a5260b7', '10009437@gmail.com', 'Adolph Guerra', 2, '2023-03-27 08:51:25', NULL, 1);
INSERT INTO `tbl_login` VALUES (74, '10009438', '4211bbf932d6c460f6e28cd03c26a2241a5260b7', '10009438@gmail.com', 'Oliver Banks', 2, '2023-03-27 08:51:25', NULL, 1);
INSERT INTO `tbl_login` VALUES (75, '10009439', '4211bbf932d6c460f6e28cd03c26a2241a5260b7', '10009439@gmail.com', 'Reinaldo Haynes', 2, '2023-03-27 08:51:25', NULL, 1);
INSERT INTO `tbl_login` VALUES (76, '10009440', '4211bbf932d6c460f6e28cd03c26a2241a5260b7', '10009440@gmail.com', 'Hyman Oneal', 2, '2023-03-27 08:51:25', NULL, 1);
INSERT INTO `tbl_login` VALUES (77, '10009441', '4211bbf932d6c460f6e28cd03c26a2241a5260b7', '10009441@gmail.com', 'Pauline Merritt', 2, '2023-03-27 08:51:25', NULL, 1);
INSERT INTO `tbl_login` VALUES (78, '10009442', '4211bbf932d6c460f6e28cd03c26a2241a5260b7', '10009442@gmail.com', 'Boris Salas', 2, '2023-03-27 08:51:25', NULL, 1);
INSERT INTO `tbl_login` VALUES (79, '10009443', '4211bbf932d6c460f6e28cd03c26a2241a5260b7', '10009443@gmail.com', 'Guy Santos', 2, '2023-03-27 08:51:25', NULL, 1);
INSERT INTO `tbl_login` VALUES (80, '10009444', '4211bbf932d6c460f6e28cd03c26a2241a5260b7', '10009444@gmail.com', 'Gary Walter', 2, '2023-03-27 08:51:25', NULL, 1);
INSERT INTO `tbl_login` VALUES (81, '10009445', '4211bbf932d6c460f6e28cd03c26a2241a5260b7', '10009445@gmail.com', 'Wilmer Chan', 2, '2023-03-27 08:51:25', NULL, 1);
INSERT INTO `tbl_login` VALUES (82, '10009446', '4211bbf932d6c460f6e28cd03c26a2241a5260b7', '10009446@gmail.com', 'Cecilia Buckley', 2, '2023-03-27 08:51:25', NULL, 1);
INSERT INTO `tbl_login` VALUES (83, '10009447', '4211bbf932d6c460f6e28cd03c26a2241a5260b7', '10009447@gmail.com', 'Warren Hoffman', 2, '2023-03-27 08:51:25', NULL, 1);
INSERT INTO `tbl_login` VALUES (84, '10009448', '4211bbf932d6c460f6e28cd03c26a2241a5260b7', '10009448@gmail.com', 'Elvin Ibarra', 2, '2023-03-27 08:51:25', NULL, 1);
INSERT INTO `tbl_login` VALUES (85, '10009449', '4211bbf932d6c460f6e28cd03c26a2241a5260b7', '10009449@gmail.com', 'Tyron Calderon', 2, '2023-03-27 08:51:25', NULL, 1);
INSERT INTO `tbl_login` VALUES (86, '10009450', '4211bbf932d6c460f6e28cd03c26a2241a5260b7', '10009450@gmail.com', 'Kyle Murillo', 2, '2023-03-27 08:51:25', NULL, 1);
INSERT INTO `tbl_login` VALUES (87, '10009451', '4211bbf932d6c460f6e28cd03c26a2241a5260b7', '10009451@gmail.com', 'Rodger Reed', 2, '2023-03-27 08:51:25', NULL, 1);
INSERT INTO `tbl_login` VALUES (88, '10009452', '4211bbf932d6c460f6e28cd03c26a2241a5260b7', '10009452@gmail.com', 'German Garza', 2, '2023-03-27 08:51:25', NULL, 1);
INSERT INTO `tbl_login` VALUES (89, '10009453', '4211bbf932d6c460f6e28cd03c26a2241a5260b7', '10009453@gmail.com', 'Kristofer Mullins', 2, '2023-03-27 08:51:25', NULL, 1);
INSERT INTO `tbl_login` VALUES (90, '10009454', '4211bbf932d6c460f6e28cd03c26a2241a5260b7', '10009454@gmail.com', 'Edwina Burgess', 2, '2023-03-27 08:51:25', NULL, 1);
INSERT INTO `tbl_login` VALUES (91, '10009455', '4211bbf932d6c460f6e28cd03c26a2241a5260b7', '10009455@gmail.com', 'Maxine Holt', 2, '2023-03-27 08:51:25', NULL, 1);
INSERT INTO `tbl_login` VALUES (92, '10009456', '4211bbf932d6c460f6e28cd03c26a2241a5260b7', '10009456@gmail.com', 'Ron May', 2, '2023-03-27 08:51:25', NULL, 1);
INSERT INTO `tbl_login` VALUES (93, '10009457', '4211bbf932d6c460f6e28cd03c26a2241a5260b7', '10009457@gmail.com', 'Marion Foster', 2, '2023-03-27 08:51:25', NULL, 1);
INSERT INTO `tbl_login` VALUES (94, '10009458', '4211bbf932d6c460f6e28cd03c26a2241a5260b7', '10009458@gmail.com', 'Laura Velasquez', 2, '2023-03-27 08:51:25', NULL, 1);
INSERT INTO `tbl_login` VALUES (95, '10009459', '4211bbf932d6c460f6e28cd03c26a2241a5260b7', '10009459@gmail.com', 'Dustin Patterson', 2, '2023-03-27 08:51:25', NULL, 1);
INSERT INTO `tbl_login` VALUES (96, '10009460', '4211bbf932d6c460f6e28cd03c26a2241a5260b7', '10009460@gmail.com', 'Houston Mathis', 2, '2023-03-27 08:51:25', NULL, 1);
INSERT INTO `tbl_login` VALUES (97, '10009461', '4211bbf932d6c460f6e28cd03c26a2241a5260b7', '10009461@gmail.com', 'Susanna House', 2, '2023-03-27 08:51:25', NULL, 1);
INSERT INTO `tbl_login` VALUES (98, '10009462', '4211bbf932d6c460f6e28cd03c26a2241a5260b7', '10009462@gmail.com', 'Joan Campos', 2, '2023-03-27 08:51:25', NULL, 1);
INSERT INTO `tbl_login` VALUES (99, '10009463', '4211bbf932d6c460f6e28cd03c26a2241a5260b7', '10009463@gmail.com', 'Wilfred Russo', 2, '2023-03-27 08:51:25', NULL, 1);
INSERT INTO `tbl_login` VALUES (100, '10009464', '4211bbf932d6c460f6e28cd03c26a2241a5260b7', '10009464@gmail.com', 'Scottie Cowan', 2, '2023-03-27 08:51:25', NULL, 1);
INSERT INTO `tbl_login` VALUES (101, '10009465', '4211bbf932d6c460f6e28cd03c26a2241a5260b7', '10009465@gmail.com', 'Jarred Proctor', 2, '2023-03-27 08:51:25', NULL, 1);
INSERT INTO `tbl_login` VALUES (102, '10009466', '4211bbf932d6c460f6e28cd03c26a2241a5260b7', '10009466@gmail.com', 'Madeleine Pitts', 2, '2023-03-27 08:51:25', NULL, 1);
INSERT INTO `tbl_login` VALUES (103, '10009467', '4211bbf932d6c460f6e28cd03c26a2241a5260b7', '10009467@gmail.com', 'Andreas Acosta', 2, '2023-03-27 08:51:25', NULL, 1);
INSERT INTO `tbl_login` VALUES (104, '10009468', '4211bbf932d6c460f6e28cd03c26a2241a5260b7', '10009468@gmail.com', 'Tanner Gentry', 2, '2023-03-27 08:51:25', NULL, 1);
INSERT INTO `tbl_login` VALUES (105, '10009469', '4211bbf932d6c460f6e28cd03c26a2241a5260b7', '10009469@gmail.com', 'Brian Fuentes', 2, '2023-03-27 08:51:25', NULL, 1);
INSERT INTO `tbl_login` VALUES (106, '10009470', '4211bbf932d6c460f6e28cd03c26a2241a5260b7', '10009470@gmail.com', 'Joshua Costa', 2, '2023-03-27 08:51:25', NULL, 1);
INSERT INTO `tbl_login` VALUES (107, '10009471', '4211bbf932d6c460f6e28cd03c26a2241a5260b7', '10009471@gmail.com', 'Catalina Lin', 2, '2023-03-27 08:51:25', NULL, 1);
INSERT INTO `tbl_login` VALUES (108, '10009472', '4211bbf932d6c460f6e28cd03c26a2241a5260b7', '10009472@gmail.com', 'Warner Howell', 2, '2023-03-27 08:51:25', NULL, 1);
INSERT INTO `tbl_login` VALUES (109, '10009473', '4211bbf932d6c460f6e28cd03c26a2241a5260b7', '10009473@gmail.com', 'Spencer Whitehead', 2, '2023-03-27 08:51:25', NULL, 1);
INSERT INTO `tbl_login` VALUES (110, '10009474', '4211bbf932d6c460f6e28cd03c26a2241a5260b7', '10009474@gmail.com', 'Eugene Mullen', 2, '2023-03-27 08:51:25', NULL, 1);
INSERT INTO `tbl_login` VALUES (111, '10009475', '4211bbf932d6c460f6e28cd03c26a2241a5260b7', '10009475@gmail.com', 'Denis Rosales', 2, '2023-03-27 08:51:25', NULL, 1);
INSERT INTO `tbl_login` VALUES (112, '10009476', '4211bbf932d6c460f6e28cd03c26a2241a5260b7', '10009476@gmail.com', 'Barton Hampton', 2, '2023-03-27 08:51:25', NULL, 1);
INSERT INTO `tbl_login` VALUES (113, '10009477', '4211bbf932d6c460f6e28cd03c26a2241a5260b7', '10009477@gmail.com', 'Andy Ware', 2, '2023-03-27 08:51:25', NULL, 1);
INSERT INTO `tbl_login` VALUES (114, '10009478', '4211bbf932d6c460f6e28cd03c26a2241a5260b7', '10009478@gmail.com', 'Ned Gutierrez', 2, '2023-03-27 08:51:25', NULL, 1);
INSERT INTO `tbl_login` VALUES (115, '10009479', '4211bbf932d6c460f6e28cd03c26a2241a5260b7', '10009479@gmail.com', 'Erica Coffey', 2, '2023-03-27 08:51:25', NULL, 1);
INSERT INTO `tbl_login` VALUES (116, '10009480', '4211bbf932d6c460f6e28cd03c26a2241a5260b7', '10009480@gmail.com', 'Alissa Romero', 2, '2023-03-27 08:51:25', NULL, 1);
INSERT INTO `tbl_login` VALUES (117, '10009481', '4211bbf932d6c460f6e28cd03c26a2241a5260b7', '10009481@gmail.com', 'Herschel Stafford', 2, '2023-03-27 08:51:25', NULL, 1);
INSERT INTO `tbl_login` VALUES (118, '10009482', '4211bbf932d6c460f6e28cd03c26a2241a5260b7', '10009482@gmail.com', 'Judy Mccann', 2, '2023-03-27 08:51:25', NULL, 1);
INSERT INTO `tbl_login` VALUES (119, '10009483', '4211bbf932d6c460f6e28cd03c26a2241a5260b7', '10009483@gmail.com', 'Chasity Glover', 2, '2023-03-27 08:51:25', NULL, 1);
INSERT INTO `tbl_login` VALUES (120, '10009484', '4211bbf932d6c460f6e28cd03c26a2241a5260b7', '10009484@gmail.com', 'Sheryl Graham', 2, '2023-03-27 08:51:25', NULL, 1);
INSERT INTO `tbl_login` VALUES (121, '10009485', '4211bbf932d6c460f6e28cd03c26a2241a5260b7', '10009485@gmail.com', 'Rosario Ross', 2, '2023-03-27 08:51:25', NULL, 1);
INSERT INTO `tbl_login` VALUES (122, '10009486', '4211bbf932d6c460f6e28cd03c26a2241a5260b7', '10009486@gmail.com', 'Ted Shelton', 2, '2023-03-27 08:51:25', NULL, 1);
INSERT INTO `tbl_login` VALUES (123, '10009487', '4211bbf932d6c460f6e28cd03c26a2241a5260b7', '10009487@gmail.com', 'Sofia Ruiz', 2, '2023-03-27 08:51:25', NULL, 1);
INSERT INTO `tbl_login` VALUES (124, '10009488', '4211bbf932d6c460f6e28cd03c26a2241a5260b7', '10009488@gmail.com', 'Coleen Aguirre', 2, '2023-03-27 08:51:25', NULL, 1);
INSERT INTO `tbl_login` VALUES (125, '10009489', '4211bbf932d6c460f6e28cd03c26a2241a5260b7', '10009489@gmail.com', 'Carlene Valdez', 2, '2023-03-27 08:51:25', NULL, 1);
INSERT INTO `tbl_login` VALUES (126, '10009490', '4211bbf932d6c460f6e28cd03c26a2241a5260b7', '10009490@gmail.com', 'Luigi Arroyo', 2, '2023-03-27 08:51:25', NULL, 1);
INSERT INTO `tbl_login` VALUES (127, '10009491', '4211bbf932d6c460f6e28cd03c26a2241a5260b7', '10009491@gmail.com', 'Bridget Foster', 2, '2023-03-27 08:51:25', NULL, 1);
INSERT INTO `tbl_login` VALUES (128, '10009492', '4211bbf932d6c460f6e28cd03c26a2241a5260b7', '10009492@gmail.com', 'Gustavo Walls', 2, '2023-03-27 08:51:25', NULL, 1);
INSERT INTO `tbl_login` VALUES (129, '10009493', '4211bbf932d6c460f6e28cd03c26a2241a5260b7', '10009493@gmail.com', 'Donnell Matthews', 2, '2023-03-27 08:51:25', NULL, 1);
INSERT INTO `tbl_login` VALUES (130, '10009494', '4211bbf932d6c460f6e28cd03c26a2241a5260b7', '10009494@gmail.com', 'Noemi Palmer', 2, '2023-03-27 08:51:25', NULL, 1);
INSERT INTO `tbl_login` VALUES (131, '10009495', '4211bbf932d6c460f6e28cd03c26a2241a5260b7', '10009495@gmail.com', 'Briana Collier', 2, '2023-03-27 08:51:25', NULL, 1);
INSERT INTO `tbl_login` VALUES (132, '10009496', '4211bbf932d6c460f6e28cd03c26a2241a5260b7', '10009496@gmail.com', 'Jerrod Stout', 2, '2023-03-27 08:51:25', NULL, 1);
INSERT INTO `tbl_login` VALUES (133, '10009497', '4211bbf932d6c460f6e28cd03c26a2241a5260b7', '10009497@gmail.com', 'Malcolm Mckee', 2, '2023-03-27 08:51:25', NULL, 1);
INSERT INTO `tbl_login` VALUES (134, '10009498', '4211bbf932d6c460f6e28cd03c26a2241a5260b7', '10009498@gmail.com', 'Casey Cline', 2, '2023-03-27 08:51:25', NULL, 1);
INSERT INTO `tbl_login` VALUES (135, '10009499', '4211bbf932d6c460f6e28cd03c26a2241a5260b7', '10009499@gmail.com', 'Velma Poole', 2, '2023-03-27 08:51:25', NULL, 1);
INSERT INTO `tbl_login` VALUES (136, '10009500', '4211bbf932d6c460f6e28cd03c26a2241a5260b7', '10009500@gmail.com', 'Karen Pena', 2, '2023-03-27 08:51:25', NULL, 1);
INSERT INTO `tbl_login` VALUES (137, '10009501', '4211bbf932d6c460f6e28cd03c26a2241a5260b7', '10009501@gmail.com', 'Jamel Mckenzie', 2, '2023-03-27 08:51:25', NULL, 1);
INSERT INTO `tbl_login` VALUES (138, '10009502', '4211bbf932d6c460f6e28cd03c26a2241a5260b7', '10009502@gmail.com', 'Earline Mckinney', 2, '2023-03-27 08:51:25', NULL, 1);
INSERT INTO `tbl_login` VALUES (139, '10009503', '4211bbf932d6c460f6e28cd03c26a2241a5260b7', '10009503@gmail.com', 'Alphonse Hogan', 2, '2023-03-27 08:51:25', NULL, 1);
INSERT INTO `tbl_login` VALUES (140, '10009504', '4211bbf932d6c460f6e28cd03c26a2241a5260b7', '10009504@gmail.com', 'Dominique Dominguez', 2, '2023-03-27 08:51:25', NULL, 1);
INSERT INTO `tbl_login` VALUES (141, '10009505', '4211bbf932d6c460f6e28cd03c26a2241a5260b7', '10009505@gmail.com', 'Mose Rowland', 2, '2023-03-27 08:51:25', NULL, 1);
INSERT INTO `tbl_login` VALUES (142, '10009506', '4211bbf932d6c460f6e28cd03c26a2241a5260b7', '10009506@gmail.com', 'Sharon Bautista', 2, '2023-03-27 08:51:25', NULL, 1);
INSERT INTO `tbl_login` VALUES (143, '10009507', '4211bbf932d6c460f6e28cd03c26a2241a5260b7', '10009507@gmail.com', 'Eve Kelley', 2, '2023-03-27 08:51:25', NULL, 1);
INSERT INTO `tbl_login` VALUES (144, '10009508', '4211bbf932d6c460f6e28cd03c26a2241a5260b7', '10009508@gmail.com', 'Imelda Hardy', 2, '2023-03-27 08:51:25', NULL, 1);
INSERT INTO `tbl_login` VALUES (145, '10009509', '4211bbf932d6c460f6e28cd03c26a2241a5260b7', '10009509@gmail.com', 'Angelique Schroeder', 2, '2023-03-27 08:51:25', NULL, 1);
INSERT INTO `tbl_login` VALUES (146, '10009510', '4211bbf932d6c460f6e28cd03c26a2241a5260b7', '10009510@gmail.com', 'Edmund Harper', 2, '2023-03-27 08:51:25', NULL, 1);
INSERT INTO `tbl_login` VALUES (147, '10009511', '4211bbf932d6c460f6e28cd03c26a2241a5260b7', '10009511@gmail.com', 'Ty Elliott', 2, '2023-03-27 08:51:25', NULL, 1);
INSERT INTO `tbl_login` VALUES (148, '10009512', '4211bbf932d6c460f6e28cd03c26a2241a5260b7', '10009512@gmail.com', 'Fletcher Nelson', 2, '2023-03-27 08:51:25', NULL, 1);
INSERT INTO `tbl_login` VALUES (149, '10009513', '4211bbf932d6c460f6e28cd03c26a2241a5260b7', '10009513@gmail.com', 'Lynwood Mcgrath', 2, '2023-03-27 08:51:25', NULL, 1);
INSERT INTO `tbl_login` VALUES (150, '10009514', '4211bbf932d6c460f6e28cd03c26a2241a5260b7', '10009514@gmail.com', 'Lindsay Allen', 2, '2023-03-27 08:51:25', NULL, 1);
INSERT INTO `tbl_login` VALUES (151, '10009515', '4211bbf932d6c460f6e28cd03c26a2241a5260b7', '10009515@gmail.com', 'Doreen Reed', 2, '2023-03-27 08:51:25', NULL, 1);
INSERT INTO `tbl_login` VALUES (152, '10009516', '4211bbf932d6c460f6e28cd03c26a2241a5260b7', '10009516@gmail.com', 'Rowena Mcdonald', 2, '2023-03-27 08:51:25', NULL, 1);
INSERT INTO `tbl_login` VALUES (153, '10009517', '4211bbf932d6c460f6e28cd03c26a2241a5260b7', '10009517@gmail.com', 'Loyd Hutchinson', 2, '2023-03-27 08:51:25', NULL, 1);
INSERT INTO `tbl_login` VALUES (154, '10009518', '4211bbf932d6c460f6e28cd03c26a2241a5260b7', '10009518@gmail.com', 'Luke Mclean', 2, '2023-03-27 08:51:25', NULL, 1);
INSERT INTO `tbl_login` VALUES (155, '10009519', '4211bbf932d6c460f6e28cd03c26a2241a5260b7', '10009519@gmail.com', 'Faith Newman', 2, '2023-03-27 08:51:25', NULL, 1);
INSERT INTO `tbl_login` VALUES (156, '10009520', '4211bbf932d6c460f6e28cd03c26a2241a5260b7', '10009520@gmail.com', 'Quentin Waller', 2, '2023-03-27 08:51:25', NULL, 1);
INSERT INTO `tbl_login` VALUES (157, '10009521', '4211bbf932d6c460f6e28cd03c26a2241a5260b7', '10009521@gmail.com', 'Thomas Whitehead', 2, '2023-03-27 08:51:25', NULL, 1);
INSERT INTO `tbl_login` VALUES (158, '10009522', '4211bbf932d6c460f6e28cd03c26a2241a5260b7', '10009522@gmail.com', 'Darcy Roach', 2, '2023-03-27 08:51:25', NULL, 1);
INSERT INTO `tbl_login` VALUES (159, '10009523', '4211bbf932d6c460f6e28cd03c26a2241a5260b7', '10009523@gmail.com', 'Foster Dunlap', 2, '2023-03-27 08:51:25', NULL, 1);
INSERT INTO `tbl_login` VALUES (160, '10009524', '4211bbf932d6c460f6e28cd03c26a2241a5260b7', '10009524@gmail.com', 'Rosemarie Chan', 2, '2023-03-27 08:51:25', NULL, 1);
INSERT INTO `tbl_login` VALUES (161, '10009525', '4211bbf932d6c460f6e28cd03c26a2241a5260b7', '10009525@gmail.com', 'Bonita Lane', 2, '2023-03-27 08:51:25', NULL, 1);
INSERT INTO `tbl_login` VALUES (162, '10009526', '4211bbf932d6c460f6e28cd03c26a2241a5260b7', '10009526@gmail.com', 'Lyle Bentley', 2, '2023-03-27 08:51:25', NULL, 1);
INSERT INTO `tbl_login` VALUES (163, '10009527', '4211bbf932d6c460f6e28cd03c26a2241a5260b7', '10009527@gmail.com', 'Dorthy Ali', 2, '2023-03-27 08:51:25', NULL, 1);
INSERT INTO `tbl_login` VALUES (164, '10009528', '4211bbf932d6c460f6e28cd03c26a2241a5260b7', '10009528@gmail.com', 'Eugenia Lowe', 2, '2023-03-27 08:51:25', NULL, 1);
INSERT INTO `tbl_login` VALUES (166, '1239192099', '4211bbf932d6c460f6e28cd03c26a2241a5260b7', '1239192099@gmail.com', 'Test Bang', 2, '2023-03-27 09:23:08', NULL, 1);

-- ----------------------------
-- Table structure for tbl_menu
-- ----------------------------
DROP TABLE IF EXISTS `tbl_menu`;
CREATE TABLE `tbl_menu`  (
  `menu_id` int(11) NOT NULL AUTO_INCREMENT,
  `menu_name` varchar(255) CHARACTER SET utf8 COLLATE utf8_general_ci NULL DEFAULT NULL,
  `orderkey` int(11) NULL DEFAULT NULL,
  `icon` varchar(255) CHARACTER SET utf8 COLLATE utf8_general_ci NULL DEFAULT NULL,
  `nav_id` varchar(255) CHARACTER SET utf8 COLLATE utf8_general_ci NULL DEFAULT NULL,
  `span_key` varchar(255) CHARACTER SET utf8 COLLATE utf8_general_ci NULL DEFAULT NULL,
  `link` varchar(255) CHARACTER SET utf8 COLLATE utf8_general_ci NULL DEFAULT NULL,
  `flag` int(11) NULL DEFAULT 1,
  PRIMARY KEY (`menu_id`) USING BTREE
) ENGINE = InnoDB AUTO_INCREMENT = 5 CHARACTER SET = utf8 COLLATE = utf8_general_ci ROW_FORMAT = Dynamic;

-- ----------------------------
-- Records of tbl_menu
-- ----------------------------
INSERT INTO `tbl_menu` VALUES (1, 'Dashboard', 1, 'bx bx-home-circle', 'topnav-dashboard', 't-dashboar', 'dashboard', 1);
INSERT INTO `tbl_menu` VALUES (3, 'Master', 2, 'bx bx-data', 'topnav-master', 't-master', NULL, 1);

-- ----------------------------
-- Table structure for tbl_submenu
-- ----------------------------
DROP TABLE IF EXISTS `tbl_submenu`;
CREATE TABLE `tbl_submenu`  (
  `submenu_id` int(11) NOT NULL AUTO_INCREMENT,
  `menu_id` int(11) NULL DEFAULT NULL,
  `submenu_name` varchar(255) CHARACTER SET utf8 COLLATE utf8_general_ci NULL DEFAULT NULL,
  `link` varchar(255) CHARACTER SET utf8 COLLATE utf8_general_ci NULL DEFAULT NULL,
  `orderkey` int(11) NULL DEFAULT NULL,
  `flag` int(11) NULL DEFAULT 1,
  PRIMARY KEY (`submenu_id`) USING BTREE
) ENGINE = InnoDB AUTO_INCREMENT = 11 CHARACTER SET = utf8 COLLATE = utf8_general_ci ROW_FORMAT = Dynamic;

-- ----------------------------
-- Records of tbl_submenu
-- ----------------------------
INSERT INTO `tbl_submenu` VALUES (5, 3, 'User & Hak Akses', 'user-access', 5, 1);
INSERT INTO `tbl_submenu` VALUES (8, 1, 'Dashboard', 'dashboard', 1, 1);
INSERT INTO `tbl_submenu` VALUES (10, 3, 'Employee', 'employee', 6, 1);

SET FOREIGN_KEY_CHECKS = 1;
